WeekEnding,HealthBoardOfTreatment,HealthBoardOfTreatmentQF,InfluenzaAdmissions,InfluenzaAdmissionsQF,RSVAdmissions,RSVAdmissionsQF
20200301,S08000015,,1,,0,
20200301,S08000016,,0,,0,
20200301,S08000017,,3,,0,
20200301,S08000029,,2,,1,
20200301,S08000019,,2,,4,
20200301,S08000020,,7,,4,
20200301,S08000031,,16,,8,
20200301,S08000022,,0,,2,
20200301,S08000032,,5,,3,
20200301,S08000024,,2,,5,
20200301,S08000025,,0,,0,
20200301,S08000026,,0,,0,
20200301,S08000030,,1,,2,
20200301,S08000028,,0,,0,
20200301,SB0801,,,:,0,
20200301,S92000003,d,39,,29,
20200308,S08000015,,6,,3,
20200308,S08000016,,0,,1,
20200308,S08000017,,1,,0,
20200308,S08000029,,5,,0,
20200308,S08000019,,2,,0,
20200308,S08000020,,9,,2,
20200308,S08000031,,31,,6,
20200308,S08000022,,2,,4,
20200308,S08000032,,13,,2,
20200308,S08000024,,14,,5,
20200308,S08000025,,0,,0,
20200308,S08000026,,1,,0,
20200308,S08000030,,5,,2,
20200308,S08000028,,0,,0,
20200308,SB0801,,,:,1,
20200308,S92000003,d,89,,26,
20200315,S08000015,,9,,2,
20200315,S08000016,,1,,0,
20200315,S08000017,,6,,2,
20200315,S08000029,,6,,0,
20200315,S08000019,,4,,1,
20200315,S08000020,,9,,0,
20200315,S08000031,,46,,11,
20200315,S08000022,,2,,0,
20200315,S08000032,,10,,3,
20200315,S08000024,,9,,2,
20200315,S08000025,,0,,0,
20200315,S08000026,,1,,0,
20200315,S08000030,,5,,0,
20200315,S08000028,,0,,1,
20200315,SB0801,,,:,0,
20200315,S92000003,d,109,,22,
20200322,S08000015,,2,,3,
20200322,S08000016,,0,,0,
20200322,S08000017,,1,,0,
20200322,S08000029,,0,,0,
20200322,S08000019,,0,,0,
20200322,S08000020,,8,,1,
20200322,S08000031,,11,,8,
20200322,S08000022,,4,,1,
20200322,S08000032,,1,,0,
20200322,S08000024,,4,,4,
20200322,S08000025,,0,,0,
20200322,S08000026,,0,,0,
20200322,S08000030,,3,,0,
20200322,S08000028,,0,,0,
20200322,SB0801,,,:,0,
20200322,S92000003,d,34,,17,
20200329,S08000015,,1,,0,
20200329,S08000016,,0,,0,
20200329,S08000017,,0,,0,
20200329,S08000029,,0,,0,
20200329,S08000019,,0,,0,
20200329,S08000020,,7,,3,
20200329,S08000031,,3,,4,
20200329,S08000022,,2,,1,
20200329,S08000032,,2,,1,
20200329,S08000024,,0,,3,
20200329,S08000025,,0,,0,
20200329,S08000026,,0,,0,
20200329,S08000030,,1,,0,
20200329,S08000028,,0,,0,
20200329,SB0801,,,:,0,
20200329,S92000003,d,16,,12,
20200405,S08000015,,0,,0,
20200405,S08000016,,0,,0,
20200405,S08000017,,0,,0,
20200405,S08000029,,1,,0,
20200405,S08000019,,0,,0,
20200405,S08000020,,0,,0,
20200405,S08000031,,1,,4,
20200405,S08000022,,0,,2,
20200405,S08000032,,0,,0,
20200405,S08000024,,0,,2,
20200405,S08000025,,0,,0,
20200405,S08000026,,0,,0,
20200405,S08000030,,0,,0,
20200405,S08000028,,0,,0,
20200405,SB0801,,,:,0,
20200405,S92000003,d,2,,8,
20200412,S08000015,,0,,0,
20200412,S08000016,,0,,0,
20200412,S08000017,,0,,1,
20200412,S08000029,,0,,0,
20200412,S08000019,,0,,0,
20200412,S08000020,,1,,2,
20200412,S08000031,,0,,2,
20200412,S08000022,,0,,0,
20200412,S08000032,,1,,1,
20200412,S08000024,,0,,2,
20200412,S08000025,,0,,0,
20200412,S08000026,,0,,0,
20200412,S08000030,,0,,0,
20200412,S08000028,,0,,0,
20200412,SB0801,,,:,0,
20200412,S92000003,d,2,,8,
20200419,S08000015,,0,,0,
20200419,S08000016,,0,,0,
20200419,S08000017,,0,,0,
20200419,S08000029,,0,,0,
20200419,S08000019,,0,,0,
20200419,S08000020,,0,,1,
20200419,S08000031,,0,,0,
20200419,S08000022,,0,,0,
20200419,S08000032,,0,,0,
20200419,S08000024,,0,,0,
20200419,S08000025,,0,,0,
20200419,S08000026,,0,,0,
20200419,S08000030,,0,,0,
20200419,S08000028,,0,,0,
20200419,SB0801,,,:,0,
20200419,S92000003,d,0,,1,
20200426,S08000015,,0,,0,
20200426,S08000016,,0,,0,
20200426,S08000017,,0,,0,
20200426,S08000029,,0,,0,
20200426,S08000019,,0,,1,
20200426,S08000020,,2,,3,
20200426,S08000031,,0,,0,
20200426,S08000022,,0,,0,
20200426,S08000032,,0,,0,
20200426,S08000024,,0,,2,
20200426,S08000025,,1,,0,
20200426,S08000026,,0,,0,
20200426,S08000030,,0,,0,
20200426,S08000028,,0,,0,
20200426,SB0801,,,:,1,
20200426,S92000003,d,3,,7,
20200503,S08000015,,0,,0,
20200503,S08000016,,0,,0,
20200503,S08000017,,0,,0,
20200503,S08000029,,0,,0,
20200503,S08000019,,0,,0,
20200503,S08000020,,3,,0,
20200503,S08000031,,0,,2,
20200503,S08000022,,0,,0,
20200503,S08000032,,0,,0,
20200503,S08000024,,0,,3,
20200503,S08000025,,0,,0,
20200503,S08000026,,0,,0,
20200503,S08000030,,0,,0,
20200503,S08000028,,0,,0,
20200503,SB0801,,,:,0,
20200503,S92000003,d,3,,5,
20200510,S08000015,,0,,0,
20200510,S08000016,,0,,0,
20200510,S08000017,,0,,0,
20200510,S08000029,,0,,0,
20200510,S08000019,,0,,1,
20200510,S08000020,,0,,0,
20200510,S08000031,,0,,4,
20200510,S08000022,,0,,0,
20200510,S08000032,,0,,1,
20200510,S08000024,,0,,2,
20200510,S08000025,,0,,0,
20200510,S08000026,,0,,0,
20200510,S08000030,,0,,0,
20200510,S08000028,,0,,0,
20200510,SB0801,,,:,0,
20200510,S92000003,d,0,,8,
20200517,S08000015,,0,,1,
20200517,S08000016,,0,,0,
20200517,S08000017,,0,,0,
20200517,S08000029,,0,,0,
20200517,S08000019,,0,,0,
20200517,S08000020,,0,,3,
20200517,S08000031,,0,,0,
20200517,S08000022,,0,,0,
20200517,S08000032,,0,,1,
20200517,S08000024,,0,,0,
20200517,S08000025,,0,,0,
20200517,S08000026,,0,,0,
20200517,S08000030,,0,,0,
20200517,S08000028,,0,,0,
20200517,SB0801,,,:,0,
20200517,S92000003,d,0,,5,
20200524,S08000015,,0,,0,
20200524,S08000016,,0,,0,
20200524,S08000017,,0,,0,
20200524,S08000029,,0,,0,
20200524,S08000019,,0,,0,
20200524,S08000020,,0,,1,
20200524,S08000031,,0,,1,
20200524,S08000022,,0,,0,
20200524,S08000032,,0,,0,
20200524,S08000024,,0,,1,
20200524,S08000025,,0,,0,
20200524,S08000026,,0,,0,
20200524,S08000030,,0,,0,
20200524,S08000028,,0,,0,
20200524,SB0801,,,:,0,
20200524,S92000003,d,0,,3,
20200531,S08000015,,0,,0,
20200531,S08000016,,0,,0,
20200531,S08000017,,0,,0,
20200531,S08000029,,0,,0,
20200531,S08000019,,0,,0,
20200531,S08000020,,1,,0,
20200531,S08000031,,0,,1,
20200531,S08000022,,0,,0,
20200531,S08000032,,0,,0,
20200531,S08000024,,0,,0,
20200531,S08000025,,0,,0,
20200531,S08000026,,0,,0,
20200531,S08000030,,0,,0,
20200531,S08000028,,0,,0,
20200531,SB0801,,,:,0,
20200531,S92000003,d,1,,1,
20200607,S08000015,,0,,0,
20200607,S08000016,,0,,0,
20200607,S08000017,,0,,0,
20200607,S08000029,,0,,0,
20200607,S08000019,,0,,0,
20200607,S08000020,,0,,0,
20200607,S08000031,,0,,0,
20200607,S08000022,,0,,0,
20200607,S08000032,,0,,0,
20200607,S08000024,,0,,2,
20200607,S08000025,,0,,0,
20200607,S08000026,,0,,0,
20200607,S08000030,,0,,1,
20200607,S08000028,,0,,0,
20200607,SB0801,,,:,0,
20200607,S92000003,d,0,,3,
20200614,S08000015,,0,,0,
20200614,S08000016,,0,,0,
20200614,S08000017,,0,,0,
20200614,S08000029,,0,,1,
20200614,S08000019,,0,,1,
20200614,S08000020,,0,,0,
20200614,S08000031,,0,,1,
20200614,S08000022,,0,,0,
20200614,S08000032,,0,,0,
20200614,S08000024,,0,,0,
20200614,S08000025,,0,,0,
20200614,S08000026,,0,,0,
20200614,S08000030,,0,,0,
20200614,S08000028,,0,,0,
20200614,SB0801,,,:,0,
20200614,S92000003,d,0,,3,
20200621,S08000015,,0,,0,
20200621,S08000016,,0,,0,
20200621,S08000017,,0,,0,
20200621,S08000029,,0,,1,
20200621,S08000019,,0,,0,
20200621,S08000020,,0,,0,
20200621,S08000031,,0,,0,
20200621,S08000022,,0,,0,
20200621,S08000032,,0,,0,
20200621,S08000024,,0,,2,
20200621,S08000025,,0,,0,
20200621,S08000026,,0,,0,
20200621,S08000030,,0,,0,
20200621,S08000028,,0,,0,
20200621,SB0801,,,:,0,
20200621,S92000003,d,0,,3,
20200628,S08000015,,0,,0,
20200628,S08000016,,0,,0,
20200628,S08000017,,0,,0,
20200628,S08000029,,0,,0,
20200628,S08000019,,0,,1,
20200628,S08000020,,0,,1,
20200628,S08000031,,0,,0,
20200628,S08000022,,0,,0,
20200628,S08000032,,0,,0,
20200628,S08000024,,0,,2,
20200628,S08000025,,0,,0,
20200628,S08000026,,0,,0,
20200628,S08000030,,0,,1,
20200628,S08000028,,0,,0,
20200628,SB0801,,,:,0,
20200628,S92000003,d,0,,5,
20200705,S08000015,,0,,0,
20200705,S08000016,,0,,0,
20200705,S08000017,,0,,0,
20200705,S08000029,,1,,0,
20200705,S08000019,,0,,0,
20200705,S08000020,,0,,0,
20200705,S08000031,,0,,1,
20200705,S08000022,,0,,0,
20200705,S08000032,,0,,0,
20200705,S08000024,,0,,1,
20200705,S08000025,,0,,0,
20200705,S08000026,,0,,0,
20200705,S08000030,,0,,0,
20200705,S08000028,,0,,0,
20200705,SB0801,,,:,0,
20200705,S92000003,d,1,,2,
20200712,S08000015,,0,,0,
20200712,S08000016,,0,,0,
20200712,S08000017,,0,,0,
20200712,S08000029,,0,,0,
20200712,S08000019,,0,,0,
20200712,S08000020,,0,,1,
20200712,S08000031,,0,,0,
20200712,S08000022,,0,,1,
20200712,S08000032,,0,,0,
20200712,S08000024,,0,,0,
20200712,S08000025,,0,,0,
20200712,S08000026,,0,,0,
20200712,S08000030,,0,,1,
20200712,S08000028,,0,,0,
20200712,SB0801,,,:,0,
20200712,S92000003,d,0,,3,
20200719,S08000015,,0,,0,
20200719,S08000016,,0,,0,
20200719,S08000017,,0,,0,
20200719,S08000029,,0,,0,
20200719,S08000019,,0,,0,
20200719,S08000020,,1,,1,
20200719,S08000031,,0,,1,
20200719,S08000022,,0,,0,
20200719,S08000032,,0,,0,
20200719,S08000024,,0,,4,
20200719,S08000025,,0,,0,
20200719,S08000026,,0,,0,
20200719,S08000030,,0,,0,
20200719,S08000028,,0,,0,
20200719,SB0801,,,:,0,
20200719,S92000003,d,1,,6,
20200726,S08000015,,0,,1,
20200726,S08000016,,0,,0,
20200726,S08000017,,0,,0,
20200726,S08000029,,0,,0,
20200726,S08000019,,0,,0,
20200726,S08000020,,0,,0,
20200726,S08000031,,0,,0,
20200726,S08000022,,0,,0,
20200726,S08000032,,0,,0,
20200726,S08000024,,0,,2,
20200726,S08000025,,0,,0,
20200726,S08000026,,0,,0,
20200726,S08000030,,0,,0,
20200726,S08000028,,0,,0,
20200726,SB0801,,,:,0,
20200726,S92000003,d,0,,3,
20200802,S08000015,,0,,0,
20200802,S08000016,,0,,0,
20200802,S08000017,,0,,0,
20200802,S08000029,,0,,1,
20200802,S08000019,,0,,0,
20200802,S08000020,,0,,0,
20200802,S08000031,,0,,0,
20200802,S08000022,,0,,1,
20200802,S08000032,,0,,0,
20200802,S08000024,,0,,0,
20200802,S08000025,,0,,0,
20200802,S08000026,,0,,0,
20200802,S08000030,,0,,0,
20200802,S08000028,,0,,0,
20200802,SB0801,,,:,0,
20200802,S92000003,d,0,,2,
20200809,S08000015,,0,,0,
20200809,S08000016,,0,,0,
20200809,S08000017,,0,,0,
20200809,S08000029,,0,,0,
20200809,S08000019,,0,,0,
20200809,S08000020,,0,,2,
20200809,S08000031,,0,,0,
20200809,S08000022,,0,,0,
20200809,S08000032,,1,,0,
20200809,S08000024,,0,,1,
20200809,S08000025,,0,,0,
20200809,S08000026,,0,,0,
20200809,S08000030,,0,,0,
20200809,S08000028,,0,,0,
20200809,SB0801,,,:,0,
20200809,S92000003,d,1,,3,
20200816,S08000015,,0,,0,
20200816,S08000016,,0,,0,
20200816,S08000017,,0,,0,
20200816,S08000029,,0,,0,
20200816,S08000019,,0,,0,
20200816,S08000020,,1,,0,
20200816,S08000031,,0,,0,
20200816,S08000022,,0,,1,
20200816,S08000032,,0,,0,
20200816,S08000024,,0,,1,
20200816,S08000025,,0,,0,
20200816,S08000026,,0,,0,
20200816,S08000030,,0,,0,
20200816,S08000028,,0,,0,
20200816,SB0801,,,:,0,
20200816,S92000003,d,1,,2,
20200823,S08000015,,0,,0,
20200823,S08000016,,0,,0,
20200823,S08000017,,0,,0,
20200823,S08000029,,0,,0,
20200823,S08000019,,0,,2,
20200823,S08000020,,1,,1,
20200823,S08000031,,0,,1,
20200823,S08000022,,0,,0,
20200823,S08000032,,0,,0,
20200823,S08000024,,0,,1,
20200823,S08000025,,0,,0,
20200823,S08000026,,0,,1,
20200823,S08000030,,0,,1,
20200823,S08000028,,0,,0,
20200823,SB0801,,,:,0,
20200823,S92000003,d,1,,7,
20200830,S08000015,,0,,0,
20200830,S08000016,,0,,0,
20200830,S08000017,,0,,1,
20200830,S08000029,,0,,1,
20200830,S08000019,,0,,0,
20200830,S08000020,,0,,0,
20200830,S08000031,,0,,2,
20200830,S08000022,,0,,0,
20200830,S08000032,,1,,0,
20200830,S08000024,,0,,2,
20200830,S08000025,,0,,0,
20200830,S08000026,,0,,0,
20200830,S08000030,,0,,1,
20200830,S08000028,,0,,0,
20200830,SB0801,,,:,0,
20200830,S92000003,d,1,,7,
20200906,S08000015,,0,,1,
20200906,S08000016,,0,,0,
20200906,S08000017,,0,,0,
20200906,S08000029,,0,,0,
20200906,S08000019,,0,,1,
20200906,S08000020,,1,,0,
20200906,S08000031,,0,,0,
20200906,S08000022,,0,,0,
20200906,S08000032,,0,,0,
20200906,S08000024,,0,,1,
20200906,S08000025,,0,,0,
20200906,S08000026,,0,,0,
20200906,S08000030,,0,,0,
20200906,S08000028,,0,,0,
20200906,SB0801,,,:,0,
20200906,S92000003,d,1,,3,
20200913,S08000015,,0,,0,
20200913,S08000016,,0,,0,
20200913,S08000017,,0,,0,
20200913,S08000029,,0,,0,
20200913,S08000019,,0,,0,
20200913,S08000020,,1,,0,
20200913,S08000031,,0,,1,
20200913,S08000022,,0,,0,
20200913,S08000032,,0,,0,
20200913,S08000024,,0,,0,
20200913,S08000025,,0,,0,
20200913,S08000026,,0,,0,
20200913,S08000030,,0,,0,
20200913,S08000028,,0,,0,
20200913,SB0801,,,:,0,
20200913,S92000003,d,1,,1,
20200920,S08000015,,0,,0,
20200920,S08000016,,0,,0,
20200920,S08000017,,0,,0,
20200920,S08000029,,0,,0,
20200920,S08000019,,0,,0,
20200920,S08000020,,0,,1,
20200920,S08000031,,0,,1,
20200920,S08000022,,0,,0,
20200920,S08000032,,0,,2,
20200920,S08000024,,0,,0,
20200920,S08000025,,0,,0,
20200920,S08000026,,0,,0,
20200920,S08000030,,0,,0,
20200920,S08000028,,0,,0,
20200920,SB0801,,,:,0,
20200920,S92000003,d,0,,4,
20200927,S08000015,,0,,1,
20200927,S08000016,,0,,0,
20200927,S08000017,,0,,0,
20200927,S08000029,,0,,0,
20200927,S08000019,,0,,1,
20200927,S08000020,,1,,0,
20200927,S08000031,,0,,1,
20200927,S08000022,,0,,0,
20200927,S08000032,,0,,1,
20200927,S08000024,,0,,2,
20200927,S08000025,,0,,0,
20200927,S08000026,,0,,0,
20200927,S08000030,,0,,0,
20200927,S08000028,,0,,0,
20200927,SB0801,,,:,0,
20200927,S92000003,d,1,,6,
20201004,S08000015,,0,,1,
20201004,S08000016,,0,,0,
20201004,S08000017,,0,,0,
20201004,S08000029,,1,,0,
20201004,S08000019,,0,,0,
20201004,S08000020,,0,,0,
20201004,S08000031,,0,,2,
20201004,S08000022,,1,,0,
20201004,S08000032,,0,,0,
20201004,S08000024,,0,,3,
20201004,S08000025,,0,,0,
20201004,S08000026,,0,,0,
20201004,S08000030,,0,,0,
20201004,S08000028,,0,,0,
20201004,SB0801,,,:,0,
20201004,S92000003,d,2,,6,
20201011,S08000015,,0,,0,
20201011,S08000016,,0,,0,
20201011,S08000017,,0,,0,
20201011,S08000029,,0,,0,
20201011,S08000019,,0,,1,
20201011,S08000020,,0,,0,
20201011,S08000031,,0,,0,
20201011,S08000022,,2,,0,
20201011,S08000032,,0,,1,
20201011,S08000024,,0,,3,
20201011,S08000025,,0,,0,
20201011,S08000026,,0,,0,
20201011,S08000030,,0,,0,
20201011,S08000028,,0,,0,
20201011,SB0801,,,:,0,
20201011,S92000003,d,2,,5,
20201018,S08000015,,0,,0,
20201018,S08000016,,0,,1,
20201018,S08000017,,0,,0,
20201018,S08000029,,0,,0,
20201018,S08000019,,0,,1,
20201018,S08000020,,0,,0,
20201018,S08000031,,0,,2,
20201018,S08000022,,0,,0,
20201018,S08000032,,0,,0,
20201018,S08000024,,0,,4,
20201018,S08000025,,0,,0,
20201018,S08000026,,0,,0,
20201018,S08000030,,0,,0,
20201018,S08000028,,0,,0,
20201018,SB0801,,,:,0,
20201018,S92000003,d,0,,8,
20201025,S08000015,,0,,0,
20201025,S08000016,,0,,0,
20201025,S08000017,,0,,0,
20201025,S08000029,,0,,0,
20201025,S08000019,,0,,1,
20201025,S08000020,,0,,1,
20201025,S08000031,,0,,1,
20201025,S08000022,,0,,0,
20201025,S08000032,,0,,0,
20201025,S08000024,,0,,2,
20201025,S08000025,,0,,0,
20201025,S08000026,,0,,0,
20201025,S08000030,,0,,0,
20201025,S08000028,,0,,0,
20201025,SB0801,,,:,0,
20201025,S92000003,d,0,,5,
20201101,S08000015,,0,,0,
20201101,S08000016,,0,,0,
20201101,S08000017,,0,,0,
20201101,S08000029,,0,,0,
20201101,S08000019,,0,,1,
20201101,S08000020,,1,,0,
20201101,S08000031,,0,,0,
20201101,S08000022,,0,,0,
20201101,S08000032,,0,,0,
20201101,S08000024,,0,,0,
20201101,S08000025,,0,,0,
20201101,S08000026,,0,,0,
20201101,S08000030,,0,,1,
20201101,S08000028,,0,,0,
20201101,SB0801,,,:,0,
20201101,S92000003,d,1,,2,
20201108,S08000015,,0,,1,
20201108,S08000016,,0,,0,
20201108,S08000017,,0,,0,
20201108,S08000029,,0,,0,
20201108,S08000019,,0,,0,
20201108,S08000020,,1,,0,
20201108,S08000031,,0,,1,
20201108,S08000022,,0,,1,
20201108,S08000032,,0,,0,
20201108,S08000024,,0,,3,
20201108,S08000025,,0,,0,
20201108,S08000026,,0,,0,
20201108,S08000030,,0,,2,
20201108,S08000028,,0,,0,
20201108,SB0801,,,:,0,
20201108,S92000003,d,1,,8,
20201115,S08000015,,0,,0,
20201115,S08000016,,0,,0,
20201115,S08000017,,0,,0,
20201115,S08000029,,2,,0,
20201115,S08000019,,0,,1,
20201115,S08000020,,2,,0,
20201115,S08000031,,0,,1,
20201115,S08000022,,0,,1,
20201115,S08000032,,0,,0,
20201115,S08000024,,0,,2,
20201115,S08000025,,0,,0,
20201115,S08000026,,0,,0,
20201115,S08000030,,0,,1,
20201115,S08000028,,0,,0,
20201115,SB0801,,,:,0,
20201115,S92000003,d,4,,6,
20201122,S08000015,,0,,1,
20201122,S08000016,,0,,0,
20201122,S08000017,,0,,0,
20201122,S08000029,,0,,0,
20201122,S08000019,,0,,0,
20201122,S08000020,,1,,0,
20201122,S08000031,,0,,1,
20201122,S08000022,,0,,0,
20201122,S08000032,,0,,0,
20201122,S08000024,,0,,2,
20201122,S08000025,,0,,0,
20201122,S08000026,,0,,0,
20201122,S08000030,,0,,0,
20201122,S08000028,,0,,0,
20201122,SB0801,,,:,0,
20201122,S92000003,d,1,,4,
20201129,S08000015,,0,,0,
20201129,S08000016,,0,,0,
20201129,S08000017,,0,,0,
20201129,S08000029,,0,,0,
20201129,S08000019,,0,,1,
20201129,S08000020,,2,,1,
20201129,S08000031,,1,,0,
20201129,S08000022,,0,,0,
20201129,S08000032,,0,,0,
20201129,S08000024,,0,,1,
20201129,S08000025,,0,,0,
20201129,S08000026,,0,,0,
20201129,S08000030,,0,,2,
20201129,S08000028,,0,,0,
20201129,SB0801,,,:,0,
20201129,S92000003,d,3,,5,
20201206,S08000015,,0,,0,
20201206,S08000016,,0,,0,
20201206,S08000017,,0,,0,
20201206,S08000029,,0,,0,
20201206,S08000019,,0,,0,
20201206,S08000020,,2,,0,
20201206,S08000031,,1,,3,
20201206,S08000022,,0,,0,
20201206,S08000032,,0,,0,
20201206,S08000024,,0,,3,
20201206,S08000025,,0,,0,
20201206,S08000026,,0,,0,
20201206,S08000030,,0,,1,
20201206,S08000028,,0,,0,
20201206,SB0801,,,:,0,
20201206,S92000003,d,3,,7,
20201213,S08000015,,0,,0,
20201213,S08000016,,0,,0,
20201213,S08000017,,0,,0,
20201213,S08000029,,0,,1,
20201213,S08000019,,0,,1,
20201213,S08000020,,0,,1,
20201213,S08000031,,0,,1,
20201213,S08000022,,0,,0,
20201213,S08000032,,0,,1,
20201213,S08000024,,1,,0,
20201213,S08000025,,0,,0,
20201213,S08000026,,0,,0,
20201213,S08000030,,0,,0,
20201213,S08000028,,0,,0,
20201213,SB0801,,,:,0,
20201213,S92000003,d,1,,5,
20201220,S08000015,,0,,0,
20201220,S08000016,,0,,0,
20201220,S08000017,,0,,0,
20201220,S08000029,,0,,0,
20201220,S08000019,,0,,1,
20201220,S08000020,,0,,1,
20201220,S08000031,,1,,2,
20201220,S08000022,,1,,0,
20201220,S08000032,,0,,1,
20201220,S08000024,,0,,2,
20201220,S08000025,,0,,0,
20201220,S08000026,,0,,1,
20201220,S08000030,,0,,1,
20201220,S08000028,,0,,0,
20201220,SB0801,,,:,0,
20201220,S92000003,d,2,,9,
20201227,S08000015,,0,,0,
20201227,S08000016,,0,,0,
20201227,S08000017,,0,,0,
20201227,S08000029,,0,,0,
20201227,S08000019,,0,,0,
20201227,S08000020,,0,,0,
20201227,S08000031,,0,,0,
20201227,S08000022,,0,,0,
20201227,S08000032,,0,,0,
20201227,S08000024,,0,,1,
20201227,S08000025,,0,,0,
20201227,S08000026,,0,,0,
20201227,S08000030,,0,,0,
20201227,S08000028,,0,,0,
20201227,SB0801,,,:,0,
20201227,S92000003,d,0,,1,
20210103,S08000015,,0,,0,
20210103,S08000016,,0,,0,
20210103,S08000017,,0,,0,
20210103,S08000029,,0,,0,
20210103,S08000019,,0,,0,
20210103,S08000020,,0,,0,
20210103,S08000031,,1,,0,
20210103,S08000022,,0,,0,
20210103,S08000032,,0,,0,
20210103,S08000024,,0,,2,
20210103,S08000025,,0,,0,
20210103,S08000026,,0,,0,
20210103,S08000030,,0,,0,
20210103,S08000028,,0,,0,
20210103,SB0801,,,:,0,
20210103,S92000003,d,1,,2,
20210110,S08000015,,0,,0,
20210110,S08000016,,0,,0,
20210110,S08000017,,0,,0,
20210110,S08000029,,0,,0,
20210110,S08000019,,0,,1,
20210110,S08000020,,2,,0,
20210110,S08000031,,1,,0,
20210110,S08000022,,0,,0,
20210110,S08000032,,0,,1,
20210110,S08000024,,0,,1,
20210110,S08000025,,0,,0,
20210110,S08000026,,0,,0,
20210110,S08000030,,0,,0,
20210110,S08000028,,0,,1,
20210110,SB0801,,,:,0,
20210110,S92000003,d,3,,4,
20210117,S08000015,,0,,0,
20210117,S08000016,,0,,0,
20210117,S08000017,,0,,1,
20210117,S08000029,,0,,0,
20210117,S08000019,,0,,1,
20210117,S08000020,,0,,0,
20210117,S08000031,,0,,0,
20210117,S08000022,,0,,0,
20210117,S08000032,,0,,1,
20210117,S08000024,,0,,3,
20210117,S08000025,,0,,0,
20210117,S08000026,,0,,0,
20210117,S08000030,,0,,0,
20210117,S08000028,,0,,0,
20210117,SB0801,,,:,0,
20210117,S92000003,d,0,,6,
20210124,S08000015,,0,,0,
20210124,S08000016,,0,,0,
20210124,S08000017,,0,,0,
20210124,S08000029,,0,,0,
20210124,S08000019,,0,,1,
20210124,S08000020,,3,,1,
20210124,S08000031,,0,,1,
20210124,S08000022,,0,,0,
20210124,S08000032,,0,,1,
20210124,S08000024,,0,,2,
20210124,S08000025,,0,,0,
20210124,S08000026,,0,,0,
20210124,S08000030,,0,,0,
20210124,S08000028,,0,,0,
20210124,SB0801,,,:,0,
20210124,S92000003,d,3,,6,
20210131,S08000015,,0,,0,
20210131,S08000016,,0,,0,
20210131,S08000017,,0,,0,
20210131,S08000029,,0,,0,
20210131,S08000019,,0,,0,
20210131,S08000020,,0,,0,
20210131,S08000031,,0,,0,
20210131,S08000022,,0,,0,
20210131,S08000032,,1,,0,
20210131,S08000024,,0,,1,
20210131,S08000025,,0,,0,
20210131,S08000026,,0,,0,
20210131,S08000030,,0,,0,
20210131,S08000028,,0,,0,
20210131,SB0801,,,:,0,
20210131,S92000003,d,1,,1,
20210207,S08000015,,0,,0,
20210207,S08000016,,0,,0,
20210207,S08000017,,0,,0,
20210207,S08000029,,0,,1,
20210207,S08000019,,0,,1,
20210207,S08000020,,0,,0,
20210207,S08000031,,0,,0,
20210207,S08000022,,0,,0,
20210207,S08000032,,0,,0,
20210207,S08000024,,0,,2,
20210207,S08000025,,0,,0,
20210207,S08000026,,0,,0,
20210207,S08000030,,0,,0,
20210207,S08000028,,0,,0,
20210207,SB0801,,,:,0,
20210207,S92000003,d,0,,4,
20210214,S08000015,,0,,0,
20210214,S08000016,,0,,0,
20210214,S08000017,,0,,0,
20210214,S08000029,,1,,0,
20210214,S08000019,,0,,2,
20210214,S08000020,,0,,0,
20210214,S08000031,,0,,1,
20210214,S08000022,,0,,0,
20210214,S08000032,,0,,1,
20210214,S08000024,,0,,4,
20210214,S08000025,,0,,0,
20210214,S08000026,,0,,0,
20210214,S08000030,,0,,0,
20210214,S08000028,,0,,0,
20210214,SB0801,,,:,1,
20210214,S92000003,d,1,,9,
20210221,S08000015,,0,,1,
20210221,S08000016,,0,,0,
20210221,S08000017,,0,,1,
20210221,S08000029,,0,,0,
20210221,S08000019,,0,,2,
20210221,S08000020,,0,,0,
20210221,S08000031,,0,,0,
20210221,S08000022,,0,,0,
20210221,S08000032,,0,,0,
20210221,S08000024,,0,,1,
20210221,S08000025,,0,,0,
20210221,S08000026,,0,,0,
20210221,S08000030,,0,,0,
20210221,S08000028,,0,,0,
20210221,SB0801,,,:,0,
20210221,S92000003,d,0,,5,
20210228,S08000015,,0,,0,
20210228,S08000016,,0,,0,
20210228,S08000017,,0,,1,
20210228,S08000029,,0,,0,
20210228,S08000019,,0,,0,
20210228,S08000020,,0,,1,
20210228,S08000031,,2,,2,
20210228,S08000022,,0,,0,
20210228,S08000032,,0,,0,
20210228,S08000024,,0,,4,
20210228,S08000025,,0,,0,
20210228,S08000026,,0,,0,
20210228,S08000030,,0,,0,
20210228,S08000028,,0,,0,
20210228,SB0801,,,:,0,
20210228,S92000003,d,2,,8,
20210307,S08000015,,0,,0,
20210307,S08000016,,0,,0,
20210307,S08000017,,0,,0,
20210307,S08000029,,0,,0,
20210307,S08000019,,0,,0,
20210307,S08000020,,1,,2,
20210307,S08000031,,2,,3,
20210307,S08000022,,0,,0,
20210307,S08000032,,0,,0,
20210307,S08000024,,0,,4,
20210307,S08000025,,0,,0,
20210307,S08000026,,0,,0,
20210307,S08000030,,0,,0,
20210307,S08000028,,0,,0,
20210307,SB0801,,,:,0,
20210307,S92000003,d,3,,9,
20210314,S08000015,,0,,1,
20210314,S08000016,,0,,0,
20210314,S08000017,,0,,1,
20210314,S08000029,,0,,0,
20210314,S08000019,,0,,1,
20210314,S08000020,,0,,0,
20210314,S08000031,,2,,1,
20210314,S08000022,,0,,0,
20210314,S08000032,,0,,0,
20210314,S08000024,,0,,4,
20210314,S08000025,,0,,0,
20210314,S08000026,,0,,0,
20210314,S08000030,,0,,0,
20210314,S08000028,,0,,0,
20210314,SB0801,,,:,0,
20210314,S92000003,d,2,,8,
20210321,S08000015,,0,,0,
20210321,S08000016,,0,,0,
20210321,S08000017,,0,,1,
20210321,S08000029,,0,,0,
20210321,S08000019,,0,,0,
20210321,S08000020,,0,,1,
20210321,S08000031,,0,,1,
20210321,S08000022,,0,,0,
20210321,S08000032,,0,,1,
20210321,S08000024,,0,,1,
20210321,S08000025,,0,,0,
20210321,S08000026,,0,,0,
20210321,S08000030,,0,,0,
20210321,S08000028,,0,,0,
20210321,SB0801,,,:,0,
20210321,S92000003,d,0,,5,
20210328,S08000015,,0,,0,
20210328,S08000016,,0,,0,
20210328,S08000017,,0,,1,
20210328,S08000029,,0,,0,
20210328,S08000019,,0,,0,
20210328,S08000020,,0,,0,
20210328,S08000031,,1,,3,
20210328,S08000022,,0,,0,
20210328,S08000032,,0,,1,
20210328,S08000024,,0,,2,
20210328,S08000025,,0,,0,
20210328,S08000026,,0,,0,
20210328,S08000030,,0,,2,
20210328,S08000028,,0,,0,
20210328,SB0801,,,:,0,
20210328,S92000003,d,1,,9,
20210404,S08000015,,0,,0,
20210404,S08000016,,0,,0,
20210404,S08000017,,0,,1,
20210404,S08000029,,0,,1,
20210404,S08000019,,0,,1,
20210404,S08000020,,0,,0,
20210404,S08000031,,1,,1,
20210404,S08000022,,0,,0,
20210404,S08000032,,0,,0,
20210404,S08000024,,0,,0,
20210404,S08000025,,0,,0,
20210404,S08000026,,0,,0,
20210404,S08000030,,0,,0,
20210404,S08000028,,0,,0,
20210404,SB0801,,,:,0,
20210404,S92000003,d,1,,4,
20210411,S08000015,,0,,0,
20210411,S08000016,,0,,0,
20210411,S08000017,,0,,0,
20210411,S08000029,,0,,0,
20210411,S08000019,,0,,3,
20210411,S08000020,,0,,0,
20210411,S08000031,,0,,2,
20210411,S08000022,,0,,0,
20210411,S08000032,,0,,0,
20210411,S08000024,,0,,0,
20210411,S08000025,,0,,0,
20210411,S08000026,,0,,0,
20210411,S08000030,,0,,0,
20210411,S08000028,,0,,0,
20210411,SB0801,,,:,0,
20210411,S92000003,d,0,,5,
20210418,S08000015,,0,,0,
20210418,S08000016,,0,,0,
20210418,S08000017,,0,,0,
20210418,S08000029,,0,,0,
20210418,S08000019,,0,,2,
20210418,S08000020,,0,,1,
20210418,S08000031,,0,,1,
20210418,S08000022,,0,,0,
20210418,S08000032,,0,,0,
20210418,S08000024,,0,,0,
20210418,S08000025,,0,,0,
20210418,S08000026,,0,,0,
20210418,S08000030,,0,,1,
20210418,S08000028,,0,,0,
20210418,SB0801,,,:,0,
20210418,S92000003,d,0,,5,
20210425,S08000015,,0,,0,
20210425,S08000016,,0,,0,
20210425,S08000017,,0,,0,
20210425,S08000029,,0,,1,
20210425,S08000019,,0,,0,
20210425,S08000020,,0,,0,
20210425,S08000031,,1,,0,
20210425,S08000022,,0,,0,
20210425,S08000032,,0,,0,
20210425,S08000024,,0,,0,
20210425,S08000025,,0,,0,
20210425,S08000026,,0,,0,
20210425,S08000030,,0,,1,
20210425,S08000028,,0,,0,
20210425,SB0801,,,:,0,
20210425,S92000003,d,1,,2,
20210502,S08000015,,0,,0,
20210502,S08000016,,0,,0,
20210502,S08000017,,0,,0,
20210502,S08000029,,0,,0,
20210502,S08000019,,0,,0,
20210502,S08000020,,0,,0,
20210502,S08000031,,1,,1,
20210502,S08000022,,0,,0,
20210502,S08000032,,0,,0,
20210502,S08000024,,0,,0,
20210502,S08000025,,0,,0,
20210502,S08000026,,0,,0,
20210502,S08000030,,0,,0,
20210502,S08000028,,0,,0,
20210502,SB0801,,,:,0,
20210502,S92000003,d,1,,1,
20210509,S08000015,,0,,0,
20210509,S08000016,,0,,0,
20210509,S08000017,,0,,0,
20210509,S08000029,,0,,0,
20210509,S08000019,,0,,3,
20210509,S08000020,,0,,0,
20210509,S08000031,,2,,1,
20210509,S08000022,,0,,0,
20210509,S08000032,,0,,0,
20210509,S08000024,,0,,1,
20210509,S08000025,,0,,0,
20210509,S08000026,,0,,0,
20210509,S08000030,,0,,0,
20210509,S08000028,,0,,0,
20210509,SB0801,,,:,0,
20210509,S92000003,d,2,,5,
20210516,S08000015,,0,,0,
20210516,S08000016,,0,,0,
20210516,S08000017,,0,,0,
20210516,S08000029,,0,,0,
20210516,S08000019,,0,,2,
20210516,S08000020,,2,,0,
20210516,S08000031,,0,,0,
20210516,S08000022,,0,,0,
20210516,S08000032,,0,,1,
20210516,S08000024,,0,,1,
20210516,S08000025,,0,,0,
20210516,S08000026,,0,,0,
20210516,S08000030,,0,,0,
20210516,S08000028,,0,,0,
20210516,SB0801,,,:,0,
20210516,S92000003,d,2,,4,
20210523,S08000015,,0,,0,
20210523,S08000016,,0,,1,
20210523,S08000017,,0,,0,
20210523,S08000029,,0,,0,
20210523,S08000019,,0,,1,
20210523,S08000020,,0,,0,
20210523,S08000031,,1,,2,
20210523,S08000022,,0,,0,
20210523,S08000032,,0,,1,
20210523,S08000024,,0,,3,
20210523,S08000025,,0,,0,
20210523,S08000026,,0,,0,
20210523,S08000030,,0,,0,
20210523,S08000028,,0,,0,
20210523,SB0801,,,:,0,
20210523,S92000003,d,1,,8,
20210530,S08000015,,0,,0,
20210530,S08000016,,0,,0,
20210530,S08000017,,0,,0,
20210530,S08000029,,0,,0,
20210530,S08000019,,0,,3,
20210530,S08000020,,1,,0,
20210530,S08000031,,0,,0,
20210530,S08000022,,0,,0,
20210530,S08000032,,0,,0,
20210530,S08000024,,0,,1,
20210530,S08000025,,0,,0,
20210530,S08000026,,0,,0,
20210530,S08000030,,0,,2,
20210530,S08000028,,0,,0,
20210530,SB0801,,,:,0,
20210530,S92000003,d,1,,6,
20210606,S08000015,,0,,0,
20210606,S08000016,,0,,0,
20210606,S08000017,,0,,0,
20210606,S08000029,,0,,0,
20210606,S08000019,,0,,4,
20210606,S08000020,,0,,1,
20210606,S08000031,,0,,1,
20210606,S08000022,,0,,0,
20210606,S08000032,,1,,1,
20210606,S08000024,,0,,0,
20210606,S08000025,,0,,0,
20210606,S08000026,,0,,0,
20210606,S08000030,,0,,0,
20210606,S08000028,,0,,0,
20210606,SB0801,,,:,0,
20210606,S92000003,d,1,,7,
20210613,S08000015,,0,,0,
20210613,S08000016,,0,,0,
20210613,S08000017,,0,,0,
20210613,S08000029,,0,,0,
20210613,S08000019,,0,,2,
20210613,S08000020,,1,,1,
20210613,S08000031,,0,,2,
20210613,S08000022,,0,,3,
20210613,S08000032,,0,,0,
20210613,S08000024,,0,,1,
20210613,S08000025,,0,,0,
20210613,S08000026,,0,,0,
20210613,S08000030,,0,,0,
20210613,S08000028,,0,,0,
20210613,SB0801,,,:,0,
20210613,S92000003,d,1,,9,
20210620,S08000015,,0,,0,
20210620,S08000016,,0,,0,
20210620,S08000017,,0,,1,
20210620,S08000029,,0,,1,
20210620,S08000019,,0,,3,
20210620,S08000020,,0,,1,
20210620,S08000031,,1,,2,
20210620,S08000022,,0,,1,
20210620,S08000032,,0,,1,
20210620,S08000024,,0,,2,
20210620,S08000025,,0,,0,
20210620,S08000026,,0,,0,
20210620,S08000030,,0,,0,
20210620,S08000028,,0,,0,
20210620,SB0801,,,:,0,
20210620,S92000003,d,1,,12,
20210627,S08000015,,0,,0,
20210627,S08000016,,0,,0,
20210627,S08000017,,0,,0,
20210627,S08000029,,0,,0,
20210627,S08000019,,0,,3,
20210627,S08000020,,0,,2,
20210627,S08000031,,0,,1,
20210627,S08000022,,0,,0,
20210627,S08000032,,0,,1,
20210627,S08000024,,0,,2,
20210627,S08000025,,0,,0,
20210627,S08000026,,0,,0,
20210627,S08000030,,0,,1,
20210627,S08000028,,0,,0,
20210627,SB0801,,,:,0,
20210627,S92000003,d,0,,10,
20210704,S08000015,,0,,0,
20210704,S08000016,,0,,0,
20210704,S08000017,,0,,0,
20210704,S08000029,,0,,0,
20210704,S08000019,,0,,0,
20210704,S08000020,,0,,3,
20210704,S08000031,,0,,0,
20210704,S08000022,,0,,1,
20210704,S08000032,,0,,3,
20210704,S08000024,,0,,0,
20210704,S08000025,,0,,0,
20210704,S08000026,,0,,0,
20210704,S08000030,,0,,2,
20210704,S08000028,,0,,0,
20210704,SB0801,,,:,0,
20210704,S92000003,d,0,,9,
20210711,S08000015,,0,,0,
20210711,S08000016,,0,,0,
20210711,S08000017,,0,,0,
20210711,S08000029,,0,,1,
20210711,S08000019,,0,,0,
20210711,S08000020,,0,,1,
20210711,S08000031,,0,,1,
20210711,S08000022,,0,,4,
20210711,S08000032,,0,,2,
20210711,S08000024,,0,,0,
20210711,S08000025,,0,,0,
20210711,S08000026,,0,,0,
20210711,S08000030,,0,,1,
20210711,S08000028,,0,,0,
20210711,SB0801,,,:,0,
20210711,S92000003,d,0,,10,
20210718,S08000015,,0,,0,
20210718,S08000016,,0,,0,
20210718,S08000017,,0,,0,
20210718,S08000029,,0,,1,
20210718,S08000019,,0,,3,
20210718,S08000020,,0,,1,
20210718,S08000031,,0,,7,
20210718,S08000022,,0,,6,
20210718,S08000032,,0,,3,
20210718,S08000024,,0,,3,
20210718,S08000025,,0,,0,
20210718,S08000026,,0,,0,
20210718,S08000030,,0,,0,
20210718,S08000028,,0,,0,
20210718,SB0801,,,:,1,
20210718,S92000003,d,0,,25,
20210725,S08000015,,0,,0,
20210725,S08000016,,0,,0,
20210725,S08000017,,0,,0,
20210725,S08000029,,0,,0,
20210725,S08000019,,0,,3,
20210725,S08000020,,0,,1,
20210725,S08000031,,0,,6,
20210725,S08000022,,0,,1,
20210725,S08000032,,0,,1,
20210725,S08000024,,0,,2,
20210725,S08000025,,0,,0,
20210725,S08000026,,0,,0,
20210725,S08000030,,0,,3,
20210725,S08000028,,0,,0,
20210725,SB0801,,,:,0,
20210725,S92000003,d,0,,17,
20210801,S08000015,,0,,0,
20210801,S08000016,,0,,0,
20210801,S08000017,,0,,0,
20210801,S08000029,,0,,1,
20210801,S08000019,,0,,4,
20210801,S08000020,,0,,3,
20210801,S08000031,,0,,7,
20210801,S08000022,,0,,1,
20210801,S08000032,,0,,1,
20210801,S08000024,,0,,1,
20210801,S08000025,,0,,0,
20210801,S08000026,,0,,0,
20210801,S08000030,,0,,0,
20210801,S08000028,,0,,0,
20210801,SB0801,,,:,0,
20210801,S92000003,d,0,,18,
20210808,S08000015,,0,,0,
20210808,S08000016,,0,,0,
20210808,S08000017,,0,,2,
20210808,S08000029,,0,,2,
20210808,S08000019,,0,,4,
20210808,S08000020,,0,,8,
20210808,S08000031,,0,,14,
20210808,S08000022,,0,,0,
20210808,S08000032,,0,,1,
20210808,S08000024,,0,,12,
20210808,S08000025,,0,,0,
20210808,S08000026,,0,,0,
20210808,S08000030,,0,,1,
20210808,S08000028,,0,,0,
20210808,SB0801,,,:,0,
20210808,S92000003,d,0,,44,
20210815,S08000015,,0,,1,
20210815,S08000016,,0,,1,
20210815,S08000017,,0,,3,
20210815,S08000029,,0,,1,
20210815,S08000019,,0,,0,
20210815,S08000020,,1,,4,
20210815,S08000031,,0,,25,
20210815,S08000022,,0,,1,
20210815,S08000032,,0,,4,
20210815,S08000024,,0,,9,
20210815,S08000025,,0,,0,
20210815,S08000026,,0,,0,
20210815,S08000030,,0,,3,
20210815,S08000028,,0,,0,
20210815,SB0801,,,:,0,
20210815,S92000003,d,1,,52,
20210822,S08000015,,0,,1,
20210822,S08000016,,0,,4,
20210822,S08000017,,0,,1,
20210822,S08000029,,0,,2,
20210822,S08000019,,0,,12,
20210822,S08000020,,0,,16,
20210822,S08000031,,0,,22,
20210822,S08000022,,0,,1,
20210822,S08000032,,0,,2,
20210822,S08000024,,0,,13,
20210822,S08000025,,0,,0,
20210822,S08000026,,0,,0,
20210822,S08000030,,0,,3,
20210822,S08000028,,0,,0,
20210822,SB0801,,,:,0,
20210822,S92000003,d,0,,77,
20210829,S08000015,,0,,1,
20210829,S08000016,,0,,3,
20210829,S08000017,,0,,2,
20210829,S08000029,,0,,2,
20210829,S08000019,,0,,5,
20210829,S08000020,,0,,33,
20210829,S08000031,,0,,39,
20210829,S08000022,,0,,0,
20210829,S08000032,,0,,3,
20210829,S08000024,,0,,14,
20210829,S08000025,,0,,0,
20210829,S08000026,,0,,0,
20210829,S08000030,,0,,10,
20210829,S08000028,,0,,0,
20210829,SB0801,,,:,0,
20210829,S92000003,d,0,,112,
20210905,S08000015,,0,,1,
20210905,S08000016,,0,,8,
20210905,S08000017,,0,,7,
20210905,S08000029,,0,,7,
20210905,S08000019,,0,,10,
20210905,S08000020,,0,,50,
20210905,S08000031,,0,,28,
20210905,S08000022,,0,,3,
20210905,S08000032,,0,,4,
20210905,S08000024,,0,,47,
20210905,S08000025,,0,,0,
20210905,S08000026,,0,,0,
20210905,S08000030,,0,,11,
20210905,S08000028,,0,,1,
20210905,SB0801,,,:,0,
20210905,S92000003,d,0,,177,
20210912,S08000015,,0,,1,
20210912,S08000016,,0,,4,
20210912,S08000017,,0,,13,
20210912,S08000029,,0,,30,
20210912,S08000019,,1,,20,
20210912,S08000020,,0,,52,
20210912,S08000031,,0,,49,
20210912,S08000022,,0,,2,
20210912,S08000032,,0,,8,
20210912,S08000024,,0,,41,
20210912,S08000025,,0,,0,
20210912,S08000026,,0,,0,
20210912,S08000030,,0,,17,
20210912,S08000028,,0,,0,
20210912,SB0801,,,:,0,
20210912,S92000003,d,1,,237,
20210919,S08000015,,0,,1,
20210919,S08000016,,0,,6,
20210919,S08000017,,0,,5,
20210919,S08000029,,0,,29,
20210919,S08000019,,1,,18,
20210919,S08000020,,2,,43,
20210919,S08000031,,0,,42,
20210919,S08000022,,0,,1,
20210919,S08000032,,0,,5,
20210919,S08000024,,0,,37,
20210919,S08000025,,0,,0,
20210919,S08000026,,0,,0,
20210919,S08000030,,0,,16,
20210919,S08000028,,0,,0,
20210919,SB0801,,,:,0,
20210919,S92000003,d,3,,203,
20210926,S08000015,,0,,1,
20210926,S08000016,,0,,14,
20210926,S08000017,,1,,13,
20210926,S08000029,,0,,31,
20210926,S08000019,,0,,30,
20210926,S08000020,,0,,46,
20210926,S08000031,,0,,36,
20210926,S08000022,,0,,3,
20210926,S08000032,,0,,6,
20210926,S08000024,,0,,36,
20210926,S08000025,,0,,0,
20210926,S08000026,,0,,0,
20210926,S08000030,,0,,8,
20210926,S08000028,,0,,0,
20210926,SB0801,,,:,0,
20210926,S92000003,d,1,,224,
20211003,S08000015,,0,,1,
20211003,S08000016,,1,,7,
20211003,S08000017,,0,,13,
20211003,S08000029,,0,,44,
20211003,S08000019,,0,,19,
20211003,S08000020,,1,,44,
20211003,S08000031,,0,,43,
20211003,S08000022,,1,,7,
20211003,S08000032,,0,,10,
20211003,S08000024,,0,,39,
20211003,S08000025,,0,,0,
20211003,S08000026,,0,,0,
20211003,S08000030,,0,,7,
20211003,S08000028,,0,,0,
20211003,SB0801,,,:,1,
20211003,S92000003,d,3,,235,
20211010,S08000015,,0,,1,
20211010,S08000016,,0,,7,
20211010,S08000017,,0,,18,
20211010,S08000029,,1,,31,
20211010,S08000019,,1,,12,
20211010,S08000020,,0,,27,
20211010,S08000031,,2,,26,
20211010,S08000022,,0,,6,
20211010,S08000032,,1,,9,
20211010,S08000024,,2,,48,
20211010,S08000025,,0,,0,
20211010,S08000026,,0,,0,
20211010,S08000030,,0,,14,
20211010,S08000028,,0,,0,
20211010,SB0801,,,:,0,
20211010,S92000003,d,7,,199,
20211017,S08000015,,0,,0,
20211017,S08000016,,0,,4,
20211017,S08000017,,0,,13,
20211017,S08000029,,2,,20,
20211017,S08000019,,0,,9,
20211017,S08000020,,0,,38,
20211017,S08000031,,1,,31,
20211017,S08000022,,0,,1,
20211017,S08000032,,0,,9,
20211017,S08000024,,3,,34,
20211017,S08000025,,0,,0,
20211017,S08000026,,0,,1,
20211017,S08000030,,0,,12,
20211017,S08000028,,0,,0,
20211017,SB0801,,,:,0,
20211017,S92000003,d,6,,172,
20211024,S08000015,,0,,0,
20211024,S08000016,,0,,3,
20211024,S08000017,,0,,4,
20211024,S08000029,,0,,10,
20211024,S08000019,,0,,9,
20211024,S08000020,,0,,19,
20211024,S08000031,,1,,42,
20211024,S08000022,,0,,6,
20211024,S08000032,,0,,5,
20211024,S08000024,,0,,22,
20211024,S08000025,,0,,0,
20211024,S08000026,,0,,0,
20211024,S08000030,,0,,8,
20211024,S08000028,,0,,2,
20211024,SB0801,,,:,0,
20211024,S92000003,d,1,,130,
20211031,S08000015,,0,,0,
20211031,S08000016,,0,,3,
20211031,S08000017,,0,,3,
20211031,S08000029,,0,,7,
20211031,S08000019,,1,,4,
20211031,S08000020,,3,,15,
20211031,S08000031,,1,,22,
20211031,S08000022,,3,,7,
20211031,S08000032,,1,,1,
20211031,S08000024,,0,,10,
20211031,S08000025,,0,,0,
20211031,S08000026,,0,,0,
20211031,S08000030,,0,,4,
20211031,S08000028,,0,,0,
20211031,SB0801,,,:,0,
20211031,S92000003,d,9,,76,
20211107,S08000015,,0,,0,
20211107,S08000016,,0,,1,
20211107,S08000017,,1,,0,
20211107,S08000029,,1,,4,
20211107,S08000019,,0,,4,
20211107,S08000020,,0,,5,
20211107,S08000031,,1,,15,
20211107,S08000022,,0,,9,
20211107,S08000032,,1,,6,
20211107,S08000024,,0,,6,
20211107,S08000025,,0,,0,
20211107,S08000026,,0,,1,
20211107,S08000030,,1,,4,
20211107,S08000028,,0,,0,
20211107,SB0801,,,:,0,
20211107,S92000003,d,5,,55,
20211114,S08000015,,0,,5,
20211114,S08000016,,0,,1,
20211114,S08000017,,0,,3,
20211114,S08000029,,0,,12,
20211114,S08000019,,0,,7,
20211114,S08000020,,1,,8,
20211114,S08000031,,0,,13,
20211114,S08000022,,2,,12,
20211114,S08000032,,0,,5,
20211114,S08000024,,0,,7,
20211114,S08000025,,0,,0,
20211114,S08000026,,0,,4,
20211114,S08000030,,0,,1,
20211114,S08000028,,0,,1,
20211114,SB0801,,,:,0,
20211114,S92000003,d,3,,79,
20211121,S08000015,,0,,17,
20211121,S08000016,,0,,0,
20211121,S08000017,,0,,0,
20211121,S08000029,,2,,2,
20211121,S08000019,,0,,1,
20211121,S08000020,,1,,10,
20211121,S08000031,,2,,20,
20211121,S08000022,,0,,11,
20211121,S08000032,,0,,1,
20211121,S08000024,,0,,9,
20211121,S08000025,,0,,0,
20211121,S08000026,,0,,3,
20211121,S08000030,,1,,7,
20211121,S08000028,,0,,0,
20211121,SB0801,,,:,0,
20211121,S92000003,d,6,,81,
20211128,S08000015,,0,,15,
20211128,S08000016,,1,,1,
20211128,S08000017,,0,,0,
20211128,S08000029,,1,,1,
20211128,S08000019,,1,,2,
20211128,S08000020,,0,,4,
20211128,S08000031,,4,,14,
20211128,S08000022,,0,,8,
20211128,S08000032,,0,,0,
20211128,S08000024,,1,,8,
20211128,S08000025,,0,,0,
20211128,S08000026,,0,,5,
20211128,S08000030,,0,,4,
20211128,S08000028,,0,,1,
20211128,SB0801,,,:,0,
20211128,S92000003,d,8,,63,
20211205,S08000015,,0,,12,
20211205,S08000016,,0,,1,
20211205,S08000017,,0,,1,
20211205,S08000029,,2,,1,
20211205,S08000019,,1,,1,
20211205,S08000020,,0,,0,
20211205,S08000031,,3,,14,
20211205,S08000022,,0,,7,
20211205,S08000032,,0,,3,
20211205,S08000024,,1,,6,
20211205,S08000025,,0,,0,
20211205,S08000026,,0,,0,
20211205,S08000030,,0,,5,
20211205,S08000028,,0,,0,
20211205,SB0801,,,:,0,
20211205,S92000003,d,7,,51,
20211212,S08000015,,1,,5,
20211212,S08000016,,0,,1,
20211212,S08000017,,0,,0,
20211212,S08000029,,2,,2,
20211212,S08000019,,0,,2,
20211212,S08000020,,1,,3,
20211212,S08000031,,6,,11,
20211212,S08000022,,0,,10,
20211212,S08000032,,0,,1,
20211212,S08000024,,1,,7,
20211212,S08000025,,0,,0,
20211212,S08000026,,0,,0,
20211212,S08000030,,0,,7,
20211212,S08000028,,0,,2,
20211212,SB0801,,,:,0,
20211212,S92000003,d,11,,51,
20211219,S08000015,,0,,1,
20211219,S08000016,,0,,1,
20211219,S08000017,,0,,3,
20211219,S08000029,,0,,2,
20211219,S08000019,,0,,3,
20211219,S08000020,,0,,1,
20211219,S08000031,,6,,7,
20211219,S08000022,,0,,8,
20211219,S08000032,,0,,0,
20211219,S08000024,,1,,9,
20211219,S08000025,,0,,0,
20211219,S08000026,,0,,0,
20211219,S08000030,,2,,0,
20211219,S08000028,,0,,0,
20211219,SB0801,,,:,0,
20211219,S92000003,d,9,,35,
20211226,S08000015,,0,,8,
20211226,S08000016,,0,,1,
20211226,S08000017,,0,,0,
20211226,S08000029,,1,,2,
20211226,S08000019,,0,,1,
20211226,S08000020,,1,,6,
20211226,S08000031,,5,,6,
20211226,S08000022,,0,,2,
20211226,S08000032,,0,,0,
20211226,S08000024,,3,,0,
20211226,S08000025,,0,,0,
20211226,S08000026,,0,,0,
20211226,S08000030,,1,,0,
20211226,S08000028,,0,,0,
20211226,SB0801,,,:,0,
20211226,S92000003,d,11,,26,
20220102,S08000015,,1,,2,
20220102,S08000016,,0,,3,
20220102,S08000017,,1,,1,
20220102,S08000029,,0,,2,
20220102,S08000019,,0,,0,
20220102,S08000020,,1,,2,
20220102,S08000031,,4,,8,
20220102,S08000022,,0,,1,
20220102,S08000032,,0,,0,
20220102,S08000024,,1,,4,
20220102,S08000025,,0,,1,
20220102,S08000026,,0,,0,
20220102,S08000030,,2,,0,
20220102,S08000028,,0,,0,
20220102,SB0801,,,:,0,
20220102,S92000003,d,10,,24,
20220109,S08000015,,0,,2,
20220109,S08000016,,0,,0,
20220109,S08000017,,0,,0,
20220109,S08000029,,0,,1,
20220109,S08000019,,0,,0,
20220109,S08000020,,1,,3,
20220109,S08000031,,1,,5,
20220109,S08000022,,0,,1,
20220109,S08000032,,0,,0,
20220109,S08000024,,2,,9,
20220109,S08000025,,0,,0,
20220109,S08000026,,0,,0,
20220109,S08000030,,1,,2,
20220109,S08000028,,0,,0,
20220109,SB0801,,,:,0,
20220109,S92000003,d,5,,23,
20220116,S08000015,,0,,3,
20220116,S08000016,,0,,0,
20220116,S08000017,,0,,0,
20220116,S08000029,,0,,2,
20220116,S08000019,,0,,0,
20220116,S08000020,,1,,0,
20220116,S08000031,,3,,4,
20220116,S08000022,,0,,0,
20220116,S08000032,,0,,0,
20220116,S08000024,,0,,2,
20220116,S08000025,,0,,0,
20220116,S08000026,,0,,0,
20220116,S08000030,,0,,0,
20220116,S08000028,,0,,0,
20220116,SB0801,,,:,0,
20220116,S92000003,d,4,,11,
20220123,S08000015,,0,,1,
20220123,S08000016,,1,,0,
20220123,S08000017,,0,,1,
20220123,S08000029,,0,,2,
20220123,S08000019,,0,,2,
20220123,S08000020,,0,,0,
20220123,S08000031,,2,,2,
20220123,S08000022,,0,,0,
20220123,S08000032,,1,,0,
20220123,S08000024,,0,,3,
20220123,S08000025,,0,,0,
20220123,S08000026,,0,,0,
20220123,S08000030,,0,,0,
20220123,S08000028,,0,,0,
20220123,SB0801,,,:,0,
20220123,S92000003,d,4,,11,
20220130,S08000015,,1,,1,
20220130,S08000016,,0,,0,
20220130,S08000017,,1,,0,
20220130,S08000029,,0,,0,
20220130,S08000019,,0,,0,
20220130,S08000020,,1,,0,
20220130,S08000031,,3,,3,
20220130,S08000022,,0,,2,
20220130,S08000032,,0,,0,
20220130,S08000024,,0,,2,
20220130,S08000025,,0,,0,
20220130,S08000026,,0,,0,
20220130,S08000030,,0,,0,
20220130,S08000028,,0,,0,
20220130,SB0801,,,:,0,
20220130,S92000003,d,6,,8,
20220206,S08000015,,1,,0,
20220206,S08000016,,0,,0,
20220206,S08000017,,0,,0,
20220206,S08000029,,1,,2,
20220206,S08000019,,0,,2,
20220206,S08000020,,1,,0,
20220206,S08000031,,1,,4,
20220206,S08000022,,0,,1,
20220206,S08000032,,0,,1,
20220206,S08000024,,2,,0,
20220206,S08000025,,0,,0,
20220206,S08000026,,0,,0,
20220206,S08000030,,1,,0,
20220206,S08000028,,0,,0,
20220206,SB0801,,,:,0,
20220206,S92000003,d,7,,10,
20220213,S08000015,,1,,0,
20220213,S08000016,,0,,0,
20220213,S08000017,,0,,0,
20220213,S08000029,,1,,1,
20220213,S08000019,,0,,1,
20220213,S08000020,,0,,0,
20220213,S08000031,,2,,1,
20220213,S08000022,,0,,0,
20220213,S08000032,,1,,1,
20220213,S08000024,,1,,3,
20220213,S08000025,,0,,0,
20220213,S08000026,,0,,0,
20220213,S08000030,,3,,0,
20220213,S08000028,,0,,0,
20220213,SB0801,,,:,0,
20220213,S92000003,d,9,,7,
20220220,S08000015,,0,,0,
20220220,S08000016,,0,,0,
20220220,S08000017,,0,,0,
20220220,S08000029,,0,,0,
20220220,S08000019,,1,,1,
20220220,S08000020,,0,,2,
20220220,S08000031,,10,,1,
20220220,S08000022,,0,,1,
20220220,S08000032,,6,,2,
20220220,S08000024,,3,,1,
20220220,S08000025,,0,,0,
20220220,S08000026,,0,,0,
20220220,S08000030,,3,,1,
20220220,S08000028,,0,,0,
20220220,SB0801,,,:,0,
20220220,S92000003,d,23,,9,
20220227,S08000015,,1,,2,
20220227,S08000016,,1,,0,
20220227,S08000017,,0,,0,
20220227,S08000029,,2,,0,
20220227,S08000019,,4,,0,
20220227,S08000020,,0,,1,
20220227,S08000031,,15,,1,
20220227,S08000022,,0,,0,
20220227,S08000032,,1,,1,
20220227,S08000024,,5,,0,
20220227,S08000025,,0,,0,
20220227,S08000026,,0,,0,
20220227,S08000030,,3,,1,
20220227,S08000028,,0,,0,
20220227,SB0801,,,:,0,
20220227,S92000003,d,32,,6,
20220306,S08000015,,1,,0,
20220306,S08000016,,0,,0,
20220306,S08000017,,0,,0,
20220306,S08000029,,4,,1,
20220306,S08000019,,2,,2,
20220306,S08000020,,0,,0,
20220306,S08000031,,19,,1,
20220306,S08000022,,0,,0,
20220306,S08000032,,2,,1,
20220306,S08000024,,6,,0,
20220306,S08000025,,0,,2,
20220306,S08000026,,0,,0,
20220306,S08000030,,5,,1,
20220306,S08000028,,0,,0,
20220306,SB0801,,,:,0,
20220306,S92000003,d,39,,8,
20220313,S08000015,,1,,0,
20220313,S08000016,,0,,1,
20220313,S08000017,,0,,0,
20220313,S08000029,,1,,1,
20220313,S08000019,,1,,0,
20220313,S08000020,,1,,1,
20220313,S08000031,,17,,1,
20220313,S08000022,,0,,0,
20220313,S08000032,,4,,0,
20220313,S08000024,,14,,1,
20220313,S08000025,,0,,2,
20220313,S08000026,,0,,0,
20220313,S08000030,,7,,0,
20220313,S08000028,,1,,0,
20220313,SB0801,,,:,0,
20220313,S92000003,d,47,,7,
20220320,S08000015,,3,,0,
20220320,S08000016,,0,,0,
20220320,S08000017,,0,,0,
20220320,S08000029,,7,,3,
20220320,S08000019,,1,,0,
20220320,S08000020,,0,,0,
20220320,S08000031,,23,,3,
20220320,S08000022,,0,,0,
20220320,S08000032,,8,,0,
20220320,S08000024,,8,,8,
20220320,S08000025,,0,,2,
20220320,S08000026,,0,,0,
20220320,S08000030,,9,,0,
20220320,S08000028,,0,,0,
20220320,SB0801,,,:,0,
20220320,S92000003,d,59,,16,
20220327,S08000015,,4,,1,
20220327,S08000016,,0,,1,
20220327,S08000017,,1,,0,
20220327,S08000029,,3,,2,
20220327,S08000019,,1,,1,
20220327,S08000020,,2,,1,
20220327,S08000031,,13,,6,
20220327,S08000022,,0,,0,
20220327,S08000032,,7,,0,
20220327,S08000024,,17,,2,
20220327,S08000025,,0,,0,
20220327,S08000026,,0,,0,
20220327,S08000030,,2,,0,
20220327,S08000028,,0,,0,
20220327,SB0801,,,:,0,
20220327,S92000003,d,50,,14,
20220403,S08000015,,2,,0,
20220403,S08000016,,2,,2,
20220403,S08000017,,1,,0,
20220403,S08000029,,3,,3,
20220403,S08000019,,2,,0,
20220403,S08000020,,0,,0,
20220403,S08000031,,12,,3,
20220403,S08000022,,3,,0,
20220403,S08000032,,10,,0,
20220403,S08000024,,7,,3,
20220403,S08000025,,0,,0,
20220403,S08000026,,0,,0,
20220403,S08000030,,2,,0,
20220403,S08000028,,1,,0,
20220403,SB0801,,,:,0,
20220403,S92000003,d,45,,11,
20220410,S08000015,,7,,2,
20220410,S08000016,,2,,1,
20220410,S08000017,,2,,0,
20220410,S08000029,,5,,1,
20220410,S08000019,,3,,0,
20220410,S08000020,,2,,1,
20220410,S08000031,,11,,2,
20220410,S08000022,,1,,1,
20220410,S08000032,,6,,2,
20220410,S08000024,,9,,0,
20220410,S08000025,,0,,1,
20220410,S08000026,,0,,0,
20220410,S08000030,,5,,1,
20220410,S08000028,,0,,0,
20220410,SB0801,,,:,0,
20220410,S92000003,d,53,,12,
20220417,S08000015,,2,,0,
20220417,S08000016,,0,,0,
20220417,S08000017,,1,,0,
20220417,S08000029,,3,,2,
20220417,S08000019,,2,,0,
20220417,S08000020,,1,,0,
20220417,S08000031,,12,,6,
20220417,S08000022,,1,,0,
20220417,S08000032,,8,,3,
20220417,S08000024,,8,,7,
20220417,S08000025,,0,,1,
20220417,S08000026,,1,,0,
20220417,S08000030,,3,,0,
20220417,S08000028,,0,,0,
20220417,SB0801,,,:,0,
20220417,S92000003,d,42,,19,
20220424,S08000015,,11,,2,
20220424,S08000016,,1,,0,
20220424,S08000017,,1,,0,
20220424,S08000029,,4,,1,
20220424,S08000019,,1,,2,
20220424,S08000020,,1,,0,
20220424,S08000031,,11,,2,
20220424,S08000022,,1,,0,
20220424,S08000032,,6,,0,
20220424,S08000024,,4,,9,
20220424,S08000025,,0,,0,
20220424,S08000026,,0,,0,
20220424,S08000030,,2,,2,
20220424,S08000028,,0,,0,
20220424,SB0801,,,:,0,
20220424,S92000003,d,43,,18,
20220501,S08000015,,4,,0,
20220501,S08000016,,0,,0,
20220501,S08000017,,3,,0,
20220501,S08000029,,0,,5,
20220501,S08000019,,4,,0,
20220501,S08000020,,1,,1,
20220501,S08000031,,12,,4,
20220501,S08000022,,2,,0,
20220501,S08000032,,5,,1,
20220501,S08000024,,1,,2,
20220501,S08000025,,0,,0,
20220501,S08000026,,0,,0,
20220501,S08000030,,3,,1,
20220501,S08000028,,0,,0,
20220501,SB0801,,,:,0,
20220501,S92000003,d,35,,14,
20220508,S08000015,,11,,2,
20220508,S08000016,,0,,0,
20220508,S08000017,,1,,0,
20220508,S08000029,,1,,1,
20220508,S08000019,,1,,2,
20220508,S08000020,,3,,1,
20220508,S08000031,,11,,7,
20220508,S08000022,,1,,1,
20220508,S08000032,,5,,2,
20220508,S08000024,,4,,4,
20220508,S08000025,,0,,0,
20220508,S08000026,,0,,0,
20220508,S08000030,,1,,2,
20220508,S08000028,,0,,0,
20220508,SB0801,,,:,0,
20220508,S92000003,d,39,,22,
20220515,S08000015,,8,,4,
20220515,S08000016,,0,,1,
20220515,S08000017,,2,,1,
20220515,S08000029,,1,,5,
20220515,S08000019,,0,,1,
20220515,S08000020,,3,,0,
20220515,S08000031,,12,,5,
20220515,S08000022,,2,,4,
20220515,S08000032,,4,,1,
20220515,S08000024,,3,,5,
20220515,S08000025,,0,,0,
20220515,S08000026,,0,,0,
20220515,S08000030,,3,,1,
20220515,S08000028,,0,,0,
20220515,SB0801,,,:,0,
20220515,S92000003,d,38,,28,
20220522,S08000015,,6,,1,
20220522,S08000016,,0,,0,
20220522,S08000017,,0,,3,
20220522,S08000029,,1,,12,
20220522,S08000019,,2,,4,
20220522,S08000020,,1,,1,
20220522,S08000031,,10,,3,
20220522,S08000022,,1,,1,
20220522,S08000032,,2,,3,
20220522,S08000024,,3,,7,
20220522,S08000025,,0,,0,
20220522,S08000026,,0,,0,
20220522,S08000030,,3,,0,
20220522,S08000028,,0,,0,
20220522,SB0801,,,:,0,
20220522,S92000003,d,29,,35,
20220529,S08000015,,3,,5,
20220529,S08000016,,0,,0,
20220529,S08000017,,1,,0,
20220529,S08000029,,2,,3,
20220529,S08000019,,0,,0,
20220529,S08000020,,0,,3,
20220529,S08000031,,7,,14,
20220529,S08000022,,0,,1,
20220529,S08000032,,2,,3,
20220529,S08000024,,3,,8,
20220529,S08000025,,2,,0,
20220529,S08000026,,0,,0,
20220529,S08000030,,1,,3,
20220529,S08000028,,0,,0,
20220529,SB0801,,,:,0,
20220529,S92000003,d,21,,40,
20220605,S08000015,,2,,9,
20220605,S08000016,,0,,0,
20220605,S08000017,,0,,1,
20220605,S08000029,,0,,4,
20220605,S08000019,,1,,1,
20220605,S08000020,,0,,3,
20220605,S08000031,,5,,11,
20220605,S08000022,,0,,1,
20220605,S08000032,,1,,3,
20220605,S08000024,,1,,12,
20220605,S08000025,,0,,0,
20220605,S08000026,,0,,0,
20220605,S08000030,,4,,4,
20220605,S08000028,,0,,0,
20220605,SB0801,,,:,0,
20220605,S92000003,d,14,,49,
20220612,S08000015,,2,,7,
20220612,S08000016,,0,,0,
20220612,S08000017,,0,,2,
20220612,S08000029,,1,,5,
20220612,S08000019,,1,,0,
20220612,S08000020,,3,,3,
20220612,S08000031,,1,,10,
20220612,S08000022,,0,,2,
20220612,S08000032,,5,,2,
20220612,S08000024,,1,,8,
20220612,S08000025,,0,,0,
20220612,S08000026,,0,,0,
20220612,S08000030,,0,,3,
20220612,S08000028,,0,,0,
20220612,SB0801,,,:,0,
20220612,S92000003,d,14,,42,
20220619,S08000015,,2,,5,
20220619,S08000016,,0,,1,
20220619,S08000017,,0,,8,
20220619,S08000029,,1,,11,
20220619,S08000019,,0,,3,
20220619,S08000020,,0,,7,
20220619,S08000031,,0,,14,
20220619,S08000022,,1,,3,
20220619,S08000032,,1,,9,
20220619,S08000024,,3,,17,
20220619,S08000025,,0,,0,
20220619,S08000026,,0,,0,
20220619,S08000030,,0,,3,
20220619,S08000028,,0,,0,
20220619,SB0801,,,:,0,
20220619,S92000003,d,8,,81,
20220626,S08000015,,1,,6,
20220626,S08000016,,0,,2,
20220626,S08000017,,0,,4,
20220626,S08000029,,3,,5,
20220626,S08000019,,0,,3,
20220626,S08000020,,0,,4,
20220626,S08000031,,2,,22,
20220626,S08000022,,0,,2,
20220626,S08000032,,0,,9,
20220626,S08000024,,1,,10,
20220626,S08000025,,0,,0,
20220626,S08000026,,0,,0,
20220626,S08000030,,0,,0,
20220626,S08000028,,0,,0,
20220626,SB0801,,,:,0,
20220626,S92000003,d,7,,67,
20220703,S08000015,,2,,5,
20220703,S08000016,,0,,5,
20220703,S08000017,,0,,3,
20220703,S08000029,,1,,9,
20220703,S08000019,,0,,7,
20220703,S08000020,,0,,10,
20220703,S08000031,,4,,23,
20220703,S08000022,,1,,5,
20220703,S08000032,,1,,11,
20220703,S08000024,,0,,12,
20220703,S08000025,,0,,0,
20220703,S08000026,,0,,0,
20220703,S08000030,,0,,4,
20220703,S08000028,,0,,0,
20220703,SB0801,,,:,0,
20220703,S92000003,d,9,,94,
20220710,S08000015,,1,,10,
20220710,S08000016,,0,,3,
20220710,S08000017,,0,,1,
20220710,S08000029,,2,,18,
20220710,S08000019,,1,,3,
20220710,S08000020,,0,,8,
20220710,S08000031,,5,,27,
20220710,S08000022,,0,,5,
20220710,S08000032,,0,,16,
20220710,S08000024,,2,,10,
20220710,S08000025,,0,,0,
20220710,S08000026,,0,,0,
20220710,S08000030,,0,,0,
20220710,S08000028,,0,,0,
20220710,SB0801,,,:,1,
20220710,S92000003,d,11,,102,
20220717,S08000015,,1,,10,
20220717,S08000016,,0,,2,
20220717,S08000017,,0,,5,
20220717,S08000029,,2,,7,
20220717,S08000019,,2,,0,
20220717,S08000020,,0,,12,
20220717,S08000031,,4,,33,
20220717,S08000022,,0,,5,
20220717,S08000032,,0,,14,
20220717,S08000024,,1,,14,
20220717,S08000025,,0,,0,
20220717,S08000026,,0,,0,
20220717,S08000030,,1,,1,
20220717,S08000028,,0,,0,
20220717,SB0801,,,:,0,
20220717,S92000003,d,11,,103,
20220724,S08000015,,0,,11,
20220724,S08000016,,0,,3,
20220724,S08000017,,0,,3,
20220724,S08000029,,0,,8,
20220724,S08000019,,0,,7,
20220724,S08000020,,0,,11,
20220724,S08000031,,0,,29,
20220724,S08000022,,0,,5,
20220724,S08000032,,3,,8,
20220724,S08000024,,1,,13,
20220724,S08000025,,0,,0,
20220724,S08000026,,0,,0,
20220724,S08000030,,1,,2,
20220724,S08000028,,0,,0,
20220724,SB0801,,,:,0,
20220724,S92000003,d,5,,100,
20220731,S08000015,,2,,9,
20220731,S08000016,,0,,4,
20220731,S08000017,,3,,3,
20220731,S08000029,,0,,3,
20220731,S08000019,,1,,7,
20220731,S08000020,,2,,6,
20220731,S08000031,,3,,24,
20220731,S08000022,,1,,3,
20220731,S08000032,,1,,7,
20220731,S08000024,,5,,19,
20220731,S08000025,,0,,0,
20220731,S08000026,,0,,0,
20220731,S08000030,,0,,5,
20220731,S08000028,,0,,2,
20220731,SB0801,,,:,0,
20220731,S92000003,d,18,,92,
20220807,S08000015,,1,,7,
20220807,S08000016,,0,,0,
20220807,S08000017,,1,,3,
20220807,S08000029,,1,,7,
20220807,S08000019,,2,,10,
20220807,S08000020,,1,,14,
20220807,S08000031,,8,,34,
20220807,S08000022,,1,,6,
20220807,S08000032,,1,,13,
20220807,S08000024,,0,,11,
20220807,S08000025,,0,,0,
20220807,S08000026,,0,,0,
20220807,S08000030,,0,,1,
20220807,S08000028,,1,,2,
20220807,SB0801,,,:,0,
20220807,S92000003,d,17,,108,
20220814,S08000015,,1,,7,
20220814,S08000016,,0,,0,
20220814,S08000017,,0,,2,
20220814,S08000029,,1,,6,
20220814,S08000019,,2,,3,
20220814,S08000020,,0,,13,
20220814,S08000031,,9,,26,
20220814,S08000022,,1,,4,
20220814,S08000032,,2,,11,
20220814,S08000024,,1,,10,
20220814,S08000025,,0,,0,
20220814,S08000026,,0,,0,
20220814,S08000030,,2,,5,
20220814,S08000028,,1,,0,
20220814,SB0801,,,:,0,
20220814,S92000003,d,20,,87,
20220821,S08000015,,1,,8,
20220821,S08000016,,0,,0,
20220821,S08000017,,1,,1,
20220821,S08000029,,3,,8,
20220821,S08000019,,0,,6,
20220821,S08000020,,0,,16,
20220821,S08000031,,9,,22,
20220821,S08000022,,1,,1,
20220821,S08000032,,3,,4,
20220821,S08000024,,1,,8,
20220821,S08000025,,0,,0,
20220821,S08000026,,0,,0,
20220821,S08000030,,2,,2,
20220821,S08000028,,0,,0,
20220821,SB0801,,,:,0,
20220821,S92000003,d,21,,76,
20220828,S08000015,,2,,12,
20220828,S08000016,,0,,0,
20220828,S08000017,,0,,2,
20220828,S08000029,,2,,4,
20220828,S08000019,,1,,6,
20220828,S08000020,,0,,13,
20220828,S08000031,,8,,15,
20220828,S08000022,,0,,4,
20220828,S08000032,,5,,3,
20220828,S08000024,,4,,7,
20220828,S08000025,,0,,0,
20220828,S08000026,,0,,0,
20220828,S08000030,,1,,8,
20220828,S08000028,,1,,0,
20220828,SB0801,,,:,0,
20220828,S92000003,d,24,,74,
20220904,S08000015,,2,,1,
20220904,S08000016,,0,,2,
20220904,S08000017,,0,,6,
20220904,S08000029,,4,,8,
20220904,S08000019,,1,,10,
20220904,S08000020,,0,,9,
20220904,S08000031,,5,,31,
20220904,S08000022,,0,,1,
20220904,S08000032,,7,,12,
20220904,S08000024,,3,,12,
20220904,S08000025,,0,,0,
20220904,S08000026,,0,,0,
20220904,S08000030,,2,,9,
20220904,S08000028,,0,,0,
20220904,SB0801,,,:,0,
20220904,S92000003,d,24,,101,
20220911,S08000015,,2,,7,
20220911,S08000016,,1,,1,
20220911,S08000017,,2,,1,
20220911,S08000029,,1,,2,
20220911,S08000019,,0,,10,
20220911,S08000020,,1,,17,
20220911,S08000031,,4,,32,
20220911,S08000022,,1,,2,
20220911,S08000032,,9,,10,
20220911,S08000024,,0,,12,
20220911,S08000025,,0,,0,
20220911,S08000026,,0,,2,
20220911,S08000030,,2,,11,
20220911,S08000028,,0,,0,
20220911,SB0801,,,:,0,
20220911,S92000003,d,23,,107,
20220918,S08000015,,1,,5,
20220918,S08000016,,0,,2,
20220918,S08000017,,0,,6,
20220918,S08000029,,3,,11,
20220918,S08000019,,2,,12,
20220918,S08000020,,1,,11,
20220918,S08000031,,15,,17,
20220918,S08000022,,0,,13,
20220918,S08000032,,7,,7,
20220918,S08000024,,3,,14,
20220918,S08000025,,0,,1,
20220918,S08000026,,0,,0,
20220918,S08000030,,3,,15,
20220918,S08000028,,1,,1,
20220918,SB0801,,,:,0,
20220918,S92000003,d,36,,115,
20220925,S08000015,,2,,7,
20220925,S08000016,,0,,2,
20220925,S08000017,,0,,8,
20220925,S08000029,,3,,15,
20220925,S08000019,,4,,12,
20220925,S08000020,,1,,13,
20220925,S08000031,,12,,30,
20220925,S08000022,,0,,6,
20220925,S08000032,,4,,10,
20220925,S08000024,,1,,14,
20220925,S08000025,,0,,0,
20220925,S08000026,,0,,1,
20220925,S08000030,,0,,14,
20220925,S08000028,,1,,0,
20220925,SB0801,,,:,0,
20220925,S92000003,d,28,,132,
20221002,S08000015,,2,,6,
20221002,S08000016,,1,,2,
20221002,S08000017,,1,,11,
20221002,S08000029,,7,,10,
20221002,S08000019,,3,,7,
20221002,S08000020,,4,,16,
20221002,S08000031,,16,,35,
20221002,S08000022,,1,,12,
20221002,S08000032,,9,,3,
20221002,S08000024,,9,,14,
20221002,S08000025,,0,,1,
20221002,S08000026,,0,,0,
20221002,S08000030,,1,,14,
20221002,S08000028,,0,,0,
20221002,SB0801,,,:,0,
20221002,S92000003,d,54,,131,
20221009,S08000015,,6,,12,
20221009,S08000016,,1,,9,
20221009,S08000017,,2,,10,
20221009,S08000029,,6,,19,
20221009,S08000019,,4,,6,
20221009,S08000020,,2,,14,
20221009,S08000031,,23,,31,
20221009,S08000022,,,:,13,
20221009,S08000032,,11,,10,
20221009,S08000024,,6,,26,
20221009,S08000025,,,:,,:
20221009,S08000026,,,:,2,
20221009,S08000030,,4,,10,
20221009,S08000028,,,:,,:
20221009,SB0801,,,:,,:
20221009,S92000003,d,65,,162,
20221016,S08000015,,6,,14,
20221016,S08000016,,1,,4,
20221016,S08000017,,,:,3,
20221016,S08000029,,7,,20,
20221016,S08000019,,7,,9,
20221016,S08000020,,2,,8,
20221016,S08000031,,36,,40,
20221016,S08000022,,1,,8,
20221016,S08000032,,12,,10,
20221016,S08000024,,8,,37,
20221016,S08000025,,,:,,:
20221016,S08000026,,,:,,:
20221016,S08000030,,2,,12,
20221016,S08000028,,,:,,:
20221016,SB0801,,,:,,:
20221016,S92000003,d,82,,165,
20221023,S08000015,,4,,19,
20221023,S08000016,,1,,8,
20221023,S08000017,,2,,6,
20221023,S08000029,,8,,24,
20221023,S08000019,,5,,5,
20221023,S08000020,,4,,12,
20221023,S08000031,,29,,39,
20221023,S08000022,,3,,3,
20221023,S08000032,,17,,11,
20221023,S08000024,,12,,39,
20221023,S08000025,,,:,,:
20221023,S08000026,,,:,3,
20221023,S08000030,,8,,8,
20221023,S08000028,,,:,,:
20221023,SB0801,,,:,,:
20221023,S92000003,d,93,,177,
20221030,S08000015,,6,,22,
20221030,S08000016,,3,,10,
20221030,S08000017,,4,,5,
20221030,S08000029,,12,,14,
20221030,S08000019,,6,,5,
20221030,S08000020,,3,,19,
20221030,S08000031,,39,,29,
20221030,S08000022,,1,,7,
20221030,S08000032,,18,,14,
20221030,S08000024,,10,,43,
20221030,S08000025,,,:,,:
20221030,S08000026,,,:,,:
20221030,S08000030,,9,,10,
20221030,S08000028,,,:,,:
20221030,SB0801,,,:,,:
20221030,S92000003,d,111,,178,
20221106,S08000015,,5,,19,
20221106,S08000016,,1,,10,
20221106,S08000017,,4,,7,
20221106,S08000029,,15,,12,
20221106,S08000019,,6,,6,
20221106,S08000020,,,:,12,
20221106,S08000031,,34,,32,
20221106,S08000022,,5,,6,
20221106,S08000032,,17,,9,
20221106,S08000024,,15,,39,
20221106,S08000025,,,:,,:
20221106,S08000026,,,:,,:
20221106,S08000030,,9,,15,
20221106,S08000028,,,:,,:
20221106,SB0801,,,:,,:
20221106,S92000003,d,111,,167,
20221113,S08000015,,10,,17,
20221113,S08000016,,,:,8,
20221113,S08000017,,6,,7,
20221113,S08000029,,16,,15,
20221113,S08000019,,11,,14,
20221113,S08000020,,3,,8,
20221113,S08000031,,36,,41,
20221113,S08000022,,4,,12,
20221113,S08000032,,17,,16,
20221113,S08000024,,11,,41,
20221113,S08000025,,,:,,:
20221113,S08000026,,,:,2,
20221113,S08000030,,20,,11,
20221113,S08000028,,,:,1,
20221113,SB0801,,,:,,:
20221113,S92000003,d,134,,193,
20221120,S08000015,,5,,11,
20221120,S08000016,,5,,7,
20221120,S08000017,,8,,10,
20221120,S08000029,,30,,22,
20221120,S08000019,,6,,7,
20221120,S08000020,,5,,17,
20221120,S08000031,,37,,52,
20221120,S08000022,,5,,8,
20221120,S08000032,,23,,12,
20221120,S08000024,,18,,50,
20221120,S08000025,,,:,,:
20221120,S08000026,,,:,,:
20221120,S08000030,,19,,18,
20221120,S08000028,,,:,4,
20221120,SB0801,,,:,,:
20221120,S92000003,d,161,,218,
20221127,S08000015,,13,,16,
20221127,S08000016,,3,,4,
20221127,S08000017,,4,,17,
20221127,S08000029,,29,,24,
20221127,S08000019,,10,,10,
20221127,S08000020,,8,,10,
20221127,S08000031,,74,,36,
20221127,S08000022,,4,,5,
20221127,S08000032,,24,,14,
20221127,S08000024,,41,,49,
20221127,S08000025,,,:,,:
20221127,S08000026,,,:,1,
20221127,S08000030,,19,,12,
20221127,S08000028,,,:,1,
20221127,SB0801,,,:,,:
20221127,S92000003,d,229,,199,
20221204,S08000015,,9,,22,
20221204,S08000016,,3,,11,
20221204,S08000017,,11,,11,
20221204,S08000029,,23,,15,
20221204,S08000019,,9,,13,
20221204,S08000020,,18,,9,
20221204,S08000031,,66,,51,
20221204,S08000022,,9,,11,
20221204,S08000032,,28,,10,
20221204,S08000024,,45,,51,
20221204,S08000025,,,:,,:
20221204,S08000026,,,:,2,
20221204,S08000030,,31,,18,
20221204,S08000028,,1,,1,
20221204,SB0801,,,:,,:
20221204,S92000003,d,253,,225,
20221211,S08000015,,17,,16,
20221211,S08000016,,7,,6,
20221211,S08000017,,12,,6,
20221211,S08000029,,55,,9,
20221211,S08000019,,16,,5,
20221211,S08000020,,33,,6,
20221211,S08000031,,107,,44,
20221211,S08000022,,10,,15,
20221211,S08000032,,43,,10,
20221211,S08000024,,64,,45,
20221211,S08000025,,,:,,:
20221211,S08000026,,1,,,:
20221211,S08000030,,61,,19,
20221211,S08000028,,,:,,:
20221211,SB0801,,,:,,:
20221211,S92000003,d,426,,181,
20221218,S08000015,,48,,10,
20221218,S08000016,,16,,5,
20221218,S08000017,,22,,16,
20221218,S08000029,,69,,12,
20221218,S08000019,,38,,2,
20221218,S08000020,,37,,12,
20221218,S08000031,,209,,44,
20221218,S08000022,,29,,9,
20221218,S08000032,,77,,14,
20221218,S08000024,,138,,48,
20221218,S08000025,,1,,,:
20221218,S08000026,,1,,2,
20221218,S08000030,,81,,18,
20221218,S08000028,,1,,,:
20221218,SB0801,,,:,,:
20221218,S92000003,d,767,,192,
20221225,S08000015,,108,,22,
20221225,S08000016,,24,,3,
20221225,S08000017,,26,,17,
20221225,S08000029,,108,,13,
20221225,S08000019,,84,,5,
20221225,S08000020,,72,,6,
20221225,S08000031,,363,,39,
20221225,S08000022,,57,,8,
20221225,S08000032,,147,,19,
20221225,S08000024,,223,,43,
20221225,S08000025,,,:,,:
20221225,S08000026,,1,,2,
20221225,S08000030,,120,,14,
20221225,S08000028,,1,,1,
20221225,SB0801,,,:,,:
20221225,S92000003,d,1334,,192,
20230101,S08000015,,131,,24,
20230101,S08000016,,32,,2,
20230101,S08000017,,41,,20,
20230101,S08000029,,110,,11,
20230101,S08000019,,72,,13,
20230101,S08000020,,84,,11,
20230101,S08000031,,325,,48,
20230101,S08000022,,57,,11,
20230101,S08000032,,142,,13,
20230101,S08000024,,190,,23,
20230101,S08000025,,,:,,:
20230101,S08000026,,1,,,:
20230101,S08000030,,111,,19,
20230101,S08000028,,1,,2,
20230101,SB0801,,,:,,:
20230101,S92000003,d,1297,,197,
20230108,S08000015,,52,,11,
20230108,S08000016,,12,,2,
20230108,S08000017,,14,,9,
20230108,S08000029,,68,,10,
20230108,S08000019,,45,,3,
20230108,S08000020,,69,,14,
20230108,S08000031,,188,,38,
20230108,S08000022,,44,,12,
20230108,S08000032,,78,,12,
20230108,S08000024,,107,,29,
20230108,S08000025,,1,,,:
20230108,S08000026,,,:,1,
20230108,S08000030,,70,,12,
20230108,S08000028,,3,,1,
20230108,SB0801,,,:,,:
20230108,S92000003,d,751,,154,
20230115,S08000015,,32,,12,
20230115,S08000016,,6,,1,
20230115,S08000017,,12,,5,
20230115,S08000029,,21,,8,
20230115,S08000019,,13,,3,
20230115,S08000020,,24,,9,
20230115,S08000031,,71,,15,
20230115,S08000022,,26,,8,
20230115,S08000032,,22,,8,
20230115,S08000024,,30,,21,
20230115,S08000025,,2,,1,
20230115,S08000026,,4,,,:
20230115,S08000030,,27,,13,
20230115,S08000028,,2,,,:
20230115,SB0801,,,:,,:
20230115,S92000003,d,292,,104,
20230122,S08000015,,20,,7,
20230122,S08000016,,2,,1,
20230122,S08000017,,1,,1,
20230122,S08000029,,17,,,:
20230122,S08000019,,11,,3,
20230122,S08000020,,18,,7,
20230122,S08000031,,26,,16,
20230122,S08000022,,8,,6,
20230122,S08000032,,17,,4,
20230122,S08000024,,15,,21,
20230122,S08000025,,,:,,:
20230122,S08000026,,2,,,:
20230122,S08000030,,7,,8,
20230122,S08000028,,,:,,:
20230122,SB0801,,,:,,:
20230122,S92000003,d,144,,74,
20230129,S08000015,,8,,3,
20230129,S08000016,,1,,1,
20230129,S08000017,,3,,1,
20230129,S08000029,,6,,2,
20230129,S08000019,,5,,3,
20230129,S08000020,,11,,6,
20230129,S08000031,,10,,6,
20230129,S08000022,,5,,2,
20230129,S08000032,,5,,6,
20230129,S08000024,,16,,18,
20230129,S08000025,,2,,,:
20230129,S08000026,,5,,,:
20230129,S08000030,,5,,5,
20230129,S08000028,,,:,1,
20230129,SB0801,,,:,,:
20230129,S92000003,d,82,,54,
20230205,S08000015,,9,,1,
20230205,S08000016,,2,,1,
20230205,S08000017,,3,,2,
20230205,S08000029,,8,,5,
20230205,S08000019,,5,,4,
20230205,S08000020,,8,,8,
20230205,S08000031,,13,,15,
20230205,S08000022,,2,,8,
20230205,S08000032,,5,,2,
20230205,S08000024,,10,,15,
20230205,S08000025,,1,,1,
20230205,S08000026,,1,,,:
20230205,S08000030,,5,,9,
20230205,S08000028,,,:,,:
20230205,SB0801,,,:,,:
20230205,S92000003,d,72,,71,
20230212,S08000015,,2,,3,
20230212,S08000016,,1,,,:
20230212,S08000017,,,:,1,
20230212,S08000029,,3,,2,
20230212,S08000019,,2,,1,
20230212,S08000020,,9,,5,
20230212,S08000031,,16,,5,
20230212,S08000022,,4,,4,
20230212,S08000032,,5,,4,
20230212,S08000024,,5,,18,
20230212,S08000025,,2,,,:
20230212,S08000026,,1,,,:
20230212,S08000030,,2,,4,
20230212,S08000028,,,:,2,
20230212,SB0801,,,:,,:
20230212,S92000003,d,52,,49,
20230219,S08000015,,4,,2,
20230219,S08000016,,1,,,:
20230219,S08000017,,1,,4,
20230219,S08000029,,3,,,:
20230219,S08000019,,3,,2,
20230219,S08000020,,2,,2,
20230219,S08000031,,10,,6,
20230219,S08000022,,,:,7,
20230219,S08000032,,1,,3,
20230219,S08000024,,5,,9,
20230219,S08000025,,1,,,:
20230219,S08000026,,,:,,:
20230219,S08000030,,,:,3,
20230219,S08000028,,,:,1,
20230219,SB0801,,,:,,:
20230219,S92000003,d,31,,39,
20230226,S08000015,,,:,1,
20230226,S08000016,,1,,1,
20230226,S08000017,,1,,,:
20230226,S08000029,,2,,3,
20230226,S08000019,,,:,1,
20230226,S08000020,,2,,4,
20230226,S08000031,,10,,4,
20230226,S08000022,,1,,2,
20230226,S08000032,,3,,3,
20230226,S08000024,,1,,6,
20230226,S08000025,,2,,,:
20230226,S08000026,,,:,,:
20230226,S08000030,,1,,6,
20230226,S08000028,,,:,,:
20230226,SB0801,,,:,,:
20230226,S92000003,d,24,,31,
20230305,S08000015,,3,,1,
20230305,S08000016,,1,,1,
20230305,S08000017,,1,,,:
20230305,S08000029,,3,,,:
20230305,S08000019,,,:,2,
20230305,S08000020,,,:,2,
20230305,S08000031,,5,,9,
20230305,S08000022,,,:,2,
20230305,S08000032,,2,,2,
20230305,S08000024,,4,,5,
20230305,S08000025,,2,,,:
20230305,S08000026,,,:,,:
20230305,S08000030,,2,,3,
20230305,S08000028,,,:,,:
20230305,SB0801,,,:,,:
20230305,S92000003,d,23,,27,
20230312,S08000015,,,:,1,
20230312,S08000016,,2,,1,
20230312,S08000017,,1,,1,
20230312,S08000029,,2,,4,
20230312,S08000019,,,:,1,
20230312,S08000020,,2,,2,
20230312,S08000031,,6,,10,
20230312,S08000022,,1,,3,
20230312,S08000032,,2,,,:
20230312,S08000024,,4,,7,
20230312,S08000025,,1,,,:
20230312,S08000026,,,:,,:
20230312,S08000030,,2,,4,
20230312,S08000028,,,:,,:
20230312,SB0801,,,:,,:
20230312,S92000003,d,23,,34,
20230319,S08000015,,5,,2,
20230319,S08000016,,1,,,:
20230319,S08000017,,1,,,:
20230319,S08000029,,2,,4,
20230319,S08000019,,1,,,:
20230319,S08000020,,5,,2,
20230319,S08000031,,10,,5,
20230319,S08000022,,,:,3,
20230319,S08000032,,1,,2,
20230319,S08000024,,1,,10,
20230319,S08000025,,,:,,:
20230319,S08000026,,,:,,:
20230319,S08000030,,2,,6,
20230319,S08000028,,,:,,:
20230319,SB0801,,,:,,:
20230319,S92000003,d,29,,34,
20230326,S08000015,,6,,2,
20230326,S08000016,,,:,1,
20230326,S08000017,,,:,,:
20230326,S08000029,,1,,1,
20230326,S08000019,,1,,2,
20230326,S08000020,,2,,2,
20230326,S08000031,,6,,7,
20230326,S08000022,,1,,,:
20230326,S08000032,,1,,,:
20230326,S08000024,,4,,10,
20230326,S08000025,,,:,,:
20230326,S08000026,,,:,,:
20230326,S08000030,,3,,7,
20230326,S08000028,,,:,,:
20230326,SB0801,,,:,,:
20230326,S92000003,d,25,,32,
20230402,S08000015,,6,,2,
20230402,S08000016,,,:,,:
20230402,S08000017,,,:,,:
20230402,S08000029,,,:,2,
20230402,S08000019,,1,,,:
20230402,S08000020,,6,,2,
20230402,S08000031,,2,,6,
20230402,S08000022,,2,,1,
20230402,S08000032,,,:,3,
20230402,S08000024,,4,,5,
20230402,S08000025,,,:,,:
20230402,S08000026,,,:,,:
20230402,S08000030,,1,,4,
20230402,S08000028,,,:,,:
20230402,SB0801,,,:,,:
20230402,S92000003,d,22,,25,
20230409,S08000015,,2,,1,
20230409,S08000016,,,:,,:
20230409,S08000017,,,:,,:
20230409,S08000029,,4,,4,
20230409,S08000019,,2,,,:
20230409,S08000020,,1,,2,
20230409,S08000031,,6,,12,
20230409,S08000022,,1,,,:
20230409,S08000032,,4,,1,
20230409,S08000024,,3,,1,
20230409,S08000025,,,:,,:
20230409,S08000026,,,:,,:
20230409,S08000030,,,:,1,
20230409,S08000028,,,:,,:
20230409,SB0801,,,:,,:
20230409,S92000003,d,23,,22,
20230416,S08000015,,5,,,:
20230416,S08000016,,,:,,:
20230416,S08000017,,,:,,:
20230416,S08000029,,1,,,:
20230416,S08000019,,2,,1,
20230416,S08000020,,,:,,:
20230416,S08000031,,10,,5,
20230416,S08000022,,,:,,:
20230416,S08000032,,3,,,:
20230416,S08000024,,2,,7,
20230416,S08000025,,,:,,:
20230416,S08000026,,,:,,:
20230416,S08000030,,,:,,:
20230416,S08000028,,,:,,:
20230416,SB0801,,,:,,:
20230416,S92000003,d,23,,13,
20230423,S08000015,,1,,2,
20230423,S08000016,,1,,,:
20230423,S08000017,,,:,,:
20230423,S08000029,,3,,,:
20230423,S08000019,,,:,1,
20230423,S08000020,,,:,,:
20230423,S08000031,,5,,4,
20230423,S08000022,,,:,,:
20230423,S08000032,,4,,1,
20230423,S08000024,,2,,,:
20230423,S08000025,,,:,,:
20230423,S08000026,,,:,,:
20230423,S08000030,,,:,,:
20230423,S08000028,,,:,,:
20230423,SB0801,,,:,,:
20230423,S92000003,d,16,,8,
20230430,S08000015,,,:,1,
20230430,S08000016,,1,,,:
20230430,S08000017,,,:,,:
20230430,S08000029,,5,,2,
20230430,S08000019,,1,,2,
20230430,S08000020,,1,,,:
20230430,S08000031,,7,,2,
20230430,S08000022,,,:,,:
20230430,S08000032,,1,,1,
20230430,S08000024,,3,,3,
20230430,S08000025,,,:,,:
20230430,S08000026,,,:,,:
20230430,S08000030,,,:,1,
20230430,S08000028,,,:,,:
20230430,SB0801,,,:,,:
20230430,S92000003,d,19,,12,
20230507,S08000015,,3,,,:
20230507,S08000016,,1,,,:
20230507,S08000017,,,:,,:
20230507,S08000029,,,:,1,
20230507,S08000019,,1,,,:
20230507,S08000020,,,:,,:
20230507,S08000031,,8,,2,
20230507,S08000022,,,:,,:
20230507,S08000032,,2,,,:
20230507,S08000024,,4,,3,
20230507,S08000025,,,:,,:
20230507,S08000026,,,:,,:
20230507,S08000030,,2,,1,
20230507,S08000028,,,:,,:
20230507,SB0801,,,:,,:
20230507,S92000003,d,21,,7,
20230514,S08000015,,1,,,:
20230514,S08000016,,,:,,:
20230514,S08000017,,,:,,:
20230514,S08000029,,2,,,:
20230514,S08000019,,,:,2,
20230514,S08000020,,1,,1,
20230514,S08000031,,4,,1,
20230514,S08000022,,,:,,:
20230514,S08000032,,1,,,:
20230514,S08000024,,3,,3,
20230514,S08000025,,,:,,:
20230514,S08000026,,,:,,:
20230514,S08000030,,1,,1,
20230514,S08000028,,,:,,:
20230514,SB0801,,,:,,:
20230514,S92000003,d,13,,8,
20230521,S08000015,,2,,1,
20230521,S08000016,,,:,,:
20230521,S08000017,,,:,,:
20230521,S08000029,,1,,,:
20230521,S08000019,,1,,1,
20230521,S08000020,,,:,,:
20230521,S08000031,,8,,2,
20230521,S08000022,,2,,,:
20230521,S08000032,,3,,1,
20230521,S08000024,,3,,2,
20230521,S08000025,,,:,,:
20230521,S08000026,,1,,,:
20230521,S08000030,,,:,1,
20230521,S08000028,,,:,,:
20230521,SB0801,,,:,,:
20230521,S92000003,d,21,,8,
20230528,S08000015,,,:,,:
20230528,S08000016,,,:,,:
20230528,S08000017,,,:,1,
20230528,S08000029,,,:,,:
20230528,S08000019,,,:,1,
20230528,S08000020,,1,,1,
20230528,S08000031,,3,,3,
20230528,S08000022,,1,,,:
20230528,S08000032,,2,,,:
20230528,S08000024,,1,,8,
20230528,S08000025,,,:,,:
20230528,S08000026,,,:,,:
20230528,S08000030,,3,,,:
20230528,S08000028,,,:,,:
20230528,SB0801,,,:,,:
20230528,S92000003,d,11,,14,
20230604,S08000015,,1,,,:
20230604,S08000016,,,:,,:
20230604,S08000017,,,:,,:
20230604,S08000029,,,:,,:
20230604,S08000019,,1,,,:
20230604,S08000020,,,:,,:
20230604,S08000031,,9,,3,
20230604,S08000022,,2,,,:
20230604,S08000032,,2,,,:
20230604,S08000024,,2,,3,
20230604,S08000025,,,:,,:
20230604,S08000026,,,:,,:
20230604,S08000030,,,:,,:
20230604,S08000028,,,:,,:
20230604,SB0801,,,:,,:
20230604,S92000003,d,17,,6,
20230611,S08000015,,1,,2,
20230611,S08000016,,,:,1,
20230611,S08000017,,1,,,:
20230611,S08000029,,2,,,:
20230611,S08000019,,1,,,:
20230611,S08000020,,,:,,:
20230611,S08000031,,4,,3,
20230611,S08000022,,1,,,:
20230611,S08000032,,1,,1,
20230611,S08000024,,3,,3,
20230611,S08000025,,,:,,:
20230611,S08000026,,,:,,:
20230611,S08000030,,2,,,:
20230611,S08000028,,,:,,:
20230611,SB0801,,,:,,:
20230611,S92000003,d,16,,10,
20230618,S08000015,,1,,1,
20230618,S08000016,,,:,,:
20230618,S08000017,,,:,,:
20230618,S08000029,,1,,,:
20230618,S08000019,,,:,,:
20230618,S08000020,,1,,1,
20230618,S08000031,,2,,4,
20230618,S08000022,,,:,,:
20230618,S08000032,,,:,1,
20230618,S08000024,,,:,2,
20230618,S08000025,,,:,,:
20230618,S08000026,,,:,,:
20230618,S08000030,,1,,,:
20230618,S08000028,,,:,,:
20230618,SB0801,,,:,,:
20230618,S92000003,d,6,,9,
20230625,S08000015,,,:,,:
20230625,S08000016,,,:,,:
20230625,S08000017,,,:,,:
20230625,S08000029,,1,,1,
20230625,S08000019,,,:,,:
20230625,S08000020,,,:,1,
20230625,S08000031,,4,,5,
20230625,S08000022,,,:,1,
20230625,S08000032,,,:,,:
20230625,S08000024,,,:,3,
20230625,S08000025,,,:,,:
20230625,S08000026,,,:,,:
20230625,S08000030,,,:,,:
20230625,S08000028,,,:,,:
20230625,SB0801,,,:,,:
20230625,S92000003,d,5,,11,
20230702,S08000015,,,:,1,
20230702,S08000016,,,:,1,
20230702,S08000017,,,:,,:
20230702,S08000029,,,:,,:
20230702,S08000019,,,:,1,
20230702,S08000020,,,:,,:
20230702,S08000031,,2,,6,
20230702,S08000022,,,:,,:
20230702,S08000032,,,:,1,
20230702,S08000024,,,:,3,
20230702,S08000025,,,:,,:
20230702,S08000026,,,:,,:
20230702,S08000030,,1,,1,
20230702,S08000028,,,:,,:
20230702,SB0801,,,:,,:
20230702,S92000003,d,3,,14,
20230709,S08000015,,,:,,:
20230709,S08000016,,,:,,:
20230709,S08000017,,,:,,:
20230709,S08000029,,1,,,:
20230709,S08000019,,1,,1,
20230709,S08000020,,,:,,:
20230709,S08000031,,1,,5,
20230709,S08000022,,,:,,:
20230709,S08000032,,1,,3,
20230709,S08000024,,1,,3,
20230709,S08000025,,,:,,:
20230709,S08000026,,,:,,:
20230709,S08000030,,,:,1,
20230709,S08000028,,,:,,:
20230709,SB0801,,,:,,:
20230709,S92000003,d,5,,13,
20230716,S08000015,,1,,1,
20230716,S08000016,,,:,,:
20230716,S08000017,,,:,,:
20230716,S08000029,,1,,2,
20230716,S08000019,,,:,,:
20230716,S08000020,,,:,,:
20230716,S08000031,,5,,9,
20230716,S08000022,,1,,,:
20230716,S08000032,,,:,5,
20230716,S08000024,,3,,5,
20230716,S08000025,,,:,,:
20230716,S08000026,,,:,,:
20230716,S08000030,,1,,,:
20230716,S08000028,,,:,,:
20230716,SB0801,,,:,,:
20230716,S92000003,d,12,,22,
20230723,S08000015,,,:,3,
20230723,S08000016,,,:,1,
20230723,S08000017,,1,,,:
20230723,S08000029,,1,,,:
20230723,S08000019,,1,,1,
20230723,S08000020,,,:,2,
20230723,S08000031,,1,,8,
20230723,S08000022,,,:,,:
20230723,S08000032,,2,,2,
20230723,S08000024,,,:,4,
20230723,S08000025,,,:,,:
20230723,S08000026,,,:,,:
20230723,S08000030,,,:,1,
20230723,S08000028,,,:,,:
20230723,SB0801,,,:,,:
20230723,S92000003,d,6,,22,
20230730,S08000015,,1,,1,
20230730,S08000016,,,:,,:
20230730,S08000017,,,:,,:
20230730,S08000029,,2,,,:
20230730,S08000019,,,:,,:
20230730,S08000020,,3,,,:
20230730,S08000031,,1,,10,
20230730,S08000022,,,:,,:
20230730,S08000032,,,:,5,
20230730,S08000024,,1,,3,
20230730,S08000025,,,:,,:
20230730,S08000026,,,:,,:
20230730,S08000030,,,:,,:
20230730,S08000028,,,:,,:
20230730,SB0801,,,:,,:
20230730,S92000003,d,8,,19,
20230806,S08000015,,1,,1,
20230806,S08000016,,,:,1,
20230806,S08000017,,,:,,:
20230806,S08000029,,,:,,:
20230806,S08000019,,,:,4,
20230806,S08000020,,2,,2,
20230806,S08000031,,1,,6,
20230806,S08000022,,1,,,:
20230806,S08000032,,1,,3,
20230806,S08000024,,1,,7,
20230806,S08000025,,,:,,:
20230806,S08000026,,,:,,:
20230806,S08000030,,,:,,:
20230806,S08000028,,,:,,:
20230806,SB0801,,,:,,:
20230806,S92000003,d,7,,24,
20230813,S08000015,,,:,2,
20230813,S08000016,,,:,,:
20230813,S08000017,,,:,,:
20230813,S08000029,,1,,4,
20230813,S08000019,,,:,2,
20230813,S08000020,,1,,1,
20230813,S08000031,,1,,3,
20230813,S08000022,,,:,,:
20230813,S08000032,,,:,4,
20230813,S08000024,,,:,5,
20230813,S08000025,,,:,,:
20230813,S08000026,,,:,,:
20230813,S08000030,,,:,1,
20230813,S08000028,,,:,,:
20230813,SB0801,,,:,,:
20230813,S92000003,d,3,,22,
20230820,S08000015,,1,,2,
20230820,S08000016,,,:,,:
20230820,S08000017,,1,,,:
20230820,S08000029,,,:,,:
20230820,S08000019,,1,,3,
20230820,S08000020,,,:,3,
20230820,S08000031,,2,,8,
20230820,S08000022,,,:,1,
20230820,S08000032,,3,,2,
20230820,S08000024,,,:,4,
20230820,S08000025,,,:,,:
20230820,S08000026,,,:,,:
20230820,S08000030,,1,,1,
20230820,S08000028,,,:,,:
20230820,SB0801,,,:,,:
20230820,S92000003,d,9,,24,
20230827,S08000015,,,:,2,
20230827,S08000016,,,:,1,
20230827,S08000017,,2,,2,
20230827,S08000029,,,:,,:
20230827,S08000019,,2,,,:
20230827,S08000020,,3,,1,
20230827,S08000031,,,:,15,
20230827,S08000022,,,:,1,
20230827,S08000032,,1,,1,
20230827,S08000024,,,:,13,
20230827,S08000025,,,:,,:
20230827,S08000026,,,:,,:
20230827,S08000030,,1,,,:
20230827,S08000028,,,:,,:
20230827,SB0801,,,:,,:
20230827,S92000003,d,9,,36,
20230903,S08000015,,,:,,:
20230903,S08000016,,1,,1,
20230903,S08000017,,1,,1,
20230903,S08000029,,,:,4,
20230903,S08000019,,,:,1,
20230903,S08000020,,2,,2,
20230903,S08000031,,2,,13,
20230903,S08000022,,,:,,:
20230903,S08000032,,2,,2,
20230903,S08000024,,1,,11,
20230903,S08000025,,1,,,:
20230903,S08000026,,,:,,:
20230903,S08000030,,,:,1,
20230903,S08000028,,1,,,:
20230903,SB0801,,,:,,:
20230903,S92000003,d,11,,36,
20230910,S08000015,,,:,6,
20230910,S08000016,,,:,1,
20230910,S08000017,,,:,,:
20230910,S08000029,,,:,7,
20230910,S08000019,,1,,1,
20230910,S08000020,,,:,1,
20230910,S08000031,,4,,21,
20230910,S08000022,,,:,,:
20230910,S08000032,,,:,5,
20230910,S08000024,,1,,13,
20230910,S08000025,,,:,,:
20230910,S08000026,,1,,,:
20230910,S08000030,,1,,2,
20230910,S08000028,,,:,,:
20230910,SB0801,,,:,,:
20230910,S92000003,d,8,,57,
20230917,S08000015,,,:,6,
20230917,S08000016,,,:,2,
20230917,S08000017,,,:,2,
20230917,S08000029,,1,,6,
20230917,S08000019,,,:,5,
20230917,S08000020,,,:,1,
20230917,S08000031,,5,,21,
20230917,S08000022,,,:,,:
20230917,S08000032,,,:,5,
20230917,S08000024,,2,,18,
20230917,S08000025,,,:,,:
20230917,S08000026,,,:,,:
20230917,S08000030,,,:,3,
20230917,S08000028,,,:,,:
20230917,SB0801,,,:,,:
20230917,S92000003,d,8,,69,
20230924,S08000015,,1,,10,
20230924,S08000016,,,:,3,
20230924,S08000017,,2,,2,
20230924,S08000029,,,:,5,
20230924,S08000019,,,:,10,
20230924,S08000020,,1,,4,
20230924,S08000031,,2,,30,
20230924,S08000022,,,:,,:
20230924,S08000032,,,:,7,
20230924,S08000024,,3,,28,
20230924,S08000025,,,:,,:
20230924,S08000026,,,:,,:
20230924,S08000030,,1,,3,
20230924,S08000028,,,:,,:
20230924,SB0801,,,:,,:
20230924,S92000003,d,10,,102,
20231001,S08000015,,1,,11,
20231001,S08000016,,,:,4,
20231001,S08000017,,,:,10,
20231001,S08000029,,1,,14,
20231001,S08000019,,,:,16,
20231001,S08000020,,1,,12,
20231001,S08000031,,4,,49,
20231001,S08000022,,2,,1,
20231001,S08000032,,1,,14,
20231001,S08000024,,5,,22,
20231001,S08000025,,1,,,:
20231001,S08000026,,,:,,:
20231001,S08000030,,,:,8,
20231001,S08000028,,,:,,:
20231001,SB0801,,,:,,:
20231001,S92000003,d,16,,161,
20231008,S08000015,,,:,6,
20231008,S08000016,,,:,7,
20231008,S08000017,,,:,14,
20231008,S08000029,,,:,23,
20231008,S08000019,,1,,13,
20231008,S08000020,,1,,9,
20231008,S08000031,,3,,45,
20231008,S08000022,,3,,,:
20231008,S08000032,,3,,21,
20231008,S08000024,,,:,43,
20231008,S08000025,,,:,,:
20231008,S08000026,,,:,,:
20231008,S08000030,,4,,3,
20231008,S08000028,,,:,,:
20231008,SB0801,,,:,,:
20231008,S92000003,d,15,,185,
20231015,S08000015,,,:,13,
20231015,S08000016,,,:,7,
20231015,S08000017,,1,,8,
20231015,S08000029,,1,,25,
20231015,S08000019,,,:,22,
20231015,S08000020,,,:,13,
20231015,S08000031,,1,,54,
20231015,S08000022,,,:,5,
20231015,S08000032,,1,,25,
20231015,S08000024,,9,,48,
20231015,S08000025,,,:,1,
20231015,S08000026,,,:,,:
20231015,S08000030,,1,,7,
20231015,S08000028,,,:,1,
20231015,SB0801,,,:,,:
20231015,S92000003,d,14,,229,
20231022,S08000015,,1,,13,
20231022,S08000016,,,:,3,
20231022,S08000017,,,:,21,
20231022,S08000029,,4,,24,
20231022,S08000019,,2,,19,
20231022,S08000020,,2,,26,
20231022,S08000031,,6,,77,
20231022,S08000022,,4,,9,
20231022,S08000032,,1,,26,
20231022,S08000024,,11,,54,
20231022,S08000025,,,:,,:
20231022,S08000026,,,:,,:
20231022,S08000030,,,:,6,
20231022,S08000028,,,:,2,
20231022,SB0801,,,:,,:
20231022,S92000003,d,31,,280,
20231029,S08000015,,1,,24,
20231029,S08000016,,,:,7,
20231029,S08000017,,,:,16,
20231029,S08000029,,3,,26,
20231029,S08000019,,,:,15,
20231029,S08000020,,4,,23,
20231029,S08000031,,5,,65,
20231029,S08000022,,1,,16,
20231029,S08000032,,1,,25,
20231029,S08000024,,7,,68,
20231029,S08000025,,,:,,:
20231029,S08000026,,,:,1,
20231029,S08000030,,,:,17,
20231029,S08000028,,,:,,:
20231029,SB0801,,,:,,:
20231029,S92000003,d,22,,303,
20231105,S08000015,,1,,22,
20231105,S08000016,,,:,13,
20231105,S08000017,,,:,16,
20231105,S08000029,,2,,35,
20231105,S08000019,,2,,8,
20231105,S08000020,,3,,26,
20231105,S08000031,,5,,49,
20231105,S08000022,,1,,21,
20231105,S08000032,,4,,18,
20231105,S08000024,,4,,76,
20231105,S08000025,,,:,,:
20231105,S08000026,,,:,,:
20231105,S08000030,,,:,22,
20231105,S08000028,,1,,,:
20231105,SB0801,,,:,,:
20231105,S92000003,d,23,,306,
20231112,S08000015,,2,,17,
20231112,S08000016,,1,,10,
20231112,S08000017,,,:,16,
20231112,S08000029,,2,,39,
20231112,S08000019,,4,,11,
20231112,S08000020,,2,,46,
20231112,S08000031,,11,,51,
20231112,S08000022,,,:,31,
20231112,S08000032,,,:,17,
20231112,S08000024,,4,,64,
20231112,S08000025,,,:,,:
20231112,S08000026,,,:,1,
20231112,S08000030,,,:,26,
20231112,S08000028,,1,,4,
20231112,SB0801,,,:,,:
20231112,S92000003,d,27,,333,
20231119,S08000015,,1,,25,
20231119,S08000016,,,:,10,
20231119,S08000017,,,:,14,
20231119,S08000029,,1,,39,
20231119,S08000019,,2,,22,
20231119,S08000020,,,:,50,
20231119,S08000031,,14,,58,
20231119,S08000022,,3,,28,
20231119,S08000032,,6,,21,
20231119,S08000024,,11,,70,
20231119,S08000025,,1,,,:
20231119,S08000026,,,:,1,
20231119,S08000030,,2,,52,
20231119,S08000028,,,:,2,
20231119,SB0801,,,:,,:
20231119,S92000003,d,41,,392,
20231126,S08000015,,5,,12,
20231126,S08000016,,1,,10,
20231126,S08000017,,,:,15,
20231126,S08000029,,4,,41,
20231126,S08000019,,1,,12,
20231126,S08000020,,6,,43,
20231126,S08000031,,15,,50,
20231126,S08000022,,1,,26,
20231126,S08000032,,8,,17,
20231126,S08000024,,10,,56,
20231126,S08000025,,,:,,:
20231126,S08000026,,,:,4,
20231126,S08000030,,4,,39,
20231126,S08000028,,,:,1,
20231126,SB0801,,,:,,:
20231126,S92000003,d,55,,326,
20231203,S08000015,,7,,16,
20231203,S08000016,,1,,4,
20231203,S08000017,,,:,18,
20231203,S08000029,,13,,35,
20231203,S08000019,,3,,13,
20231203,S08000020,,11,,23,
20231203,S08000031,,32,,36,
20231203,S08000022,,1,,17,
20231203,S08000032,,9,,11,
20231203,S08000024,,13,,50,
20231203,S08000025,,,:,1,
20231203,S08000026,,,:,3,
20231203,S08000030,,6,,38,
20231203,S08000028,,,:,4,
20231203,SB0801,,,:,,:
20231203,S92000003,d,96,,269,
20231210,S08000015,,13,,11,
20231210,S08000016,,2,,6,
20231210,S08000017,,1,,16,
20231210,S08000029,,11,,10,
20231210,S08000019,,10,,11,
20231210,S08000020,,10,,24,
20231210,S08000031,,41,,59,
20231210,S08000022,,,:,7,
20231210,S08000032,,23,,11,
20231210,S08000024,,17,,35,
20231210,S08000025,,,:,2,
20231210,S08000026,,,:,3,
20231210,S08000030,,5,,31,
20231210,S08000028,,,:,3,
20231210,SB0801,,,:,,:
20231210,S92000003,d,133,,229,
20231217,S08000015,,35,,14,
20231217,S08000016,,,:,5,
20231217,S08000017,,9,,12,
20231217,S08000029,,23,,17,
20231217,S08000019,,13,,8,
20231217,S08000020,,15,,18,
20231217,S08000031,,67,,47,
20231217,S08000022,,3,,9,
20231217,S08000032,,38,,13,
20231217,S08000024,,31,,43,
20231217,S08000025,,,:,1,
20231217,S08000026,,,:,2,
20231217,S08000030,,7,,14,
20231217,S08000028,,1,,2,
20231217,SB0801,,,:,,:
20231217,S92000003,d,242,,205,
20231224,S08000015,,30,,24,
20231224,S08000016,,3,,5,
20231224,S08000017,,16,,9,
20231224,S08000029,,29,,13,
20231224,S08000019,,19,,8,
20231224,S08000020,,21,,24,
20231224,S08000031,,93,,36,
20231224,S08000022,,5,,7,
20231224,S08000032,,37,,16,
20231224,S08000024,,55,,38,
20231224,S08000025,,,:,,:
20231224,S08000026,,,:,2,
20231224,S08000030,,31,,16,
20231224,S08000028,,2,,6,
20231224,SB0801,,,:,,:
20231224,S92000003,d,341,,204,
20231231,S08000015,,37,,20,
20231231,S08000016,,12,,6,
20231231,S08000017,,21,,17,
20231231,S08000029,,46,,10,
20231231,S08000019,,28,,9,
20231231,S08000020,,53,,13,
20231231,S08000031,,105,,31,
20231231,S08000022,,24,,11,
20231231,S08000032,,37,,14,
20231231,S08000024,,54,,32,
20231231,S08000025,,,:,1,
20231231,S08000026,,2,,1,
20231231,S08000030,,31,,25,
20231231,S08000028,,4,,1,
20231231,SB0801,,,:,,:
20231231,S92000003,d,454,,191,
20240107,S08000015,,37,,18,
20240107,S08000016,,8,,4,
20240107,S08000017,,5,,7,
20240107,S08000029,,50,,8,
20240107,S08000019,,19,,9,
20240107,S08000020,,27,,11,
20240107,S08000031,,113,,26,
20240107,S08000022,,11,,6,
20240107,S08000032,,39,,6,
20240107,S08000024,,39,,27,
20240107,S08000025,,,:,1,
20240107,S08000026,,1,,1,
20240107,S08000030,,28,,18,
20240107,S08000028,,3,,1,
20240107,SB0801,,,:,,:
20240107,S92000003,d,380,,143,
20240114,S08000015,,26,,7,
20240114,S08000016,,4,,2,
20240114,S08000017,,12,,2,
20240114,S08000029,,23,,5,
20240114,S08000019,,15,,3,
20240114,S08000020,,24,,4,
20240114,S08000031,,79,,10,
20240114,S08000022,,18,,2,
20240114,S08000032,,38,,10,
20240114,S08000024,,34,,13,
20240114,S08000025,,1,,1,
20240114,S08000026,,2,,1,
20240114,S08000030,,28,,5,
20240114,S08000028,,3,,1,
20240114,SB0801,,,:,,:
20240114,S92000003,d,307,,66,
20240121,S08000015,,24,,3,
20240121,S08000016,,14,,3,
20240121,S08000017,,15,,2,
20240121,S08000029,,39,,5,
20240121,S08000019,,19,,1,
20240121,S08000020,,24,,4,
20240121,S08000031,,96,,16,
20240121,S08000022,,9,,3,
20240121,S08000032,,51,,6,
20240121,S08000024,,18,,11,
20240121,S08000025,,,:,,:
20240121,S08000026,,,:,,:
20240121,S08000030,,39,,11,
20240121,S08000028,,4,,1,
20240121,SB0801,,,:,,:
20240121,S92000003,d,352,,66,
20240128,S08000015,,33,,5,
20240128,S08000016,,8,,4,
20240128,S08000017,,15,,1,
20240128,S08000029,,28,,1,
20240128,S08000019,,27,,6,
20240128,S08000020,,19,,4,
20240128,S08000031,,104,,14,
20240128,S08000022,,7,,,:
20240128,S08000032,,36,,8,
20240128,S08000024,,32,,16,
20240128,S08000025,,,:,,:
20240128,S08000026,,,:,,:
20240128,S08000030,,6,,1,
20240128,S08000028,,10,,,:
20240128,SB0801,,,:,,:
20240128,S92000003,d,325,,60,
